timestamp,%%cpu,%%memory
11:26:11,0.0,15.6
11:26:11,0.0,15.6
11:26:12,0.0,15.6
11:26:12,0.0,15.6
11:26:13,1.9,15.6
11:26:13,0.0,15.6
11:26:14,0.0,15.6
11:26:14,0.0,15.6
11:26:15,0.0,15.6
11:26:15,6.0,15.6
11:26:16,28.8,15.6
11:26:16,0.0,15.6
11:26:17,0.0,15.6
11:26:17,0.0,15.6
11:26:18,0.0,15.6
11:26:18,0.0,15.6
11:26:19,0.0,15.6
11:26:19,0.0,15.6
11:26:20,0.0,15.6
11:26:20,0.0,15.6
11:26:21,0.0,15.6
11:26:22,2.0,15.6
11:26:22,0.0,15.6
11:26:23,0.0,15.6
11:26:23,0.0,15.6
11:26:24,0.0,15.6
11:26:24,0.0,15.6
11:26:25,0.0,15.6
11:26:25,2.0,15.6
11:26:26,0.0,15.6
11:26:26,0.0,15.6
11:26:27,0.0,15.6
11:26:27,132.7,15.6
11:26:28,166.7,15.6
11:26:28,160.8,15.6
11:26:29,164.7,15.6
11:26:29,164.0,15.6
11:26:30,158.8,15.6
11:26:30,156.9,15.6
11:26:31,160.8,15.6
11:26:31,158.8,15.6
11:26:32,139.2,15.6
11:26:32,170.6,15.6
11:26:33,174.5,15.6
11:26:33,156.9,15.6
11:26:34,168.6,15.6
11:26:34,156.0,15.6
11:26:35,143.1,15.6
11:26:35,107.8,15.6
11:26:36,96.1,15.6
11:26:36,102.0,15.6
11:26:37,100.0,15.6
11:26:37,140.0,15.6
11:26:38,139.2,15.6
11:26:38,156.9,15.6
11:26:39,158.0,15.6
11:26:39,160.8,15.6
11:26:40,141.2,15.6
11:26:40,166.7,15.6
11:26:41,162.7,15.6
11:26:41,162.7,15.6
11:26:42,162.7,15.6
11:26:42,174.0,15.6
11:26:43,152.9,15.6
11:26:43,158.8,15.6
11:26:44,137.3,15.6
11:26:44,100.0,15.6
11:26:45,100.0,15.6
11:26:45,100.0,15.6
11:26:46,100.0,15.6
11:26:46,98.0,15.6
11:26:47,100.0,15.6
11:26:47,100.0,15.6
11:26:48,100.0,15.6
11:26:49,98.0,15.6
11:26:49,100.0,15.6
11:26:50,100.0,15.6
11:26:50,98.0,15.6
11:26:51,15.7,15.6
11:26:51,0.0,15.6
11:26:52,0.0,15.6
11:26:52,0.0,15.6
11:26:53,2.0,15.6
11:26:53,0.0,15.6
11:26:54,0.0,15.6
11:26:54,0.0,15.6
11:26:55,0.0,15.6
11:26:55,92.3,15.6
11:26:56,137.3,15.6
11:26:56,158.8,15.6
11:26:57,152.9,15.6
11:26:57,154.9,15.6
11:26:58,149.0,15.6
11:26:58,156.0,15.6
11:26:59,164.7,15.6
11:26:59,137.3,15.6
11:27:00,166.7,15.6
11:27:00,166.7,15.6
11:27:01,172.5,15.6
11:27:01,174.0,15.6
11:27:02,160.8,15.6
11:27:02,98.0,15.6
11:27:03,98.0,15.6
11:27:03,98.0,15.6
11:27:04,100.0,15.6
11:27:04,143.1,15.6
11:27:05,168.6,15.6
11:27:05,166.7,15.6
11:27:06,168.0,15.6
11:27:06,156.9,15.6
11:27:07,156.9,15.6
11:27:07,151.0,15.6
11:27:08,149.0,15.6
11:27:08,168.6,15.6
11:27:09,170.6,15.6
11:27:09,166.7,15.6
11:27:10,170.6,15.6
11:27:10,158.8,15.6
11:27:11,100.0,15.6
11:27:11,98.0,15.6
11:27:12,100.0,15.6
11:27:12,100.0,15.6
11:27:13,149.0,15.6
11:27:13,162.7,15.6
11:27:14,152.9,15.6
11:27:14,166.7,15.6
11:27:15,160.8,15.6
11:27:16,156.9,15.6
11:27:16,162.7,15.6
11:27:17,149.0,15.6
11:27:17,176.5,15.6
11:27:18,160.8,15.6
11:27:18,162.0,15.6
11:27:19,152.9,15.6
11:27:19,139.2,15.6
11:27:20,113.7,15.6
11:27:20,100.0,15.6
11:27:21,100.0,15.6
11:27:21,100.0,15.6
11:27:22,118.0,15.6
11:27:22,119.6,15.6
11:27:23,147.1,15.6
11:27:23,160.8,15.6
11:27:24,156.9,15.6
11:27:24,147.1,15.6
11:27:25,154.9,15.6
11:27:25,156.9,15.6
11:27:26,130.0,15.6
11:27:26,160.8,15.6
11:27:27,147.1,15.6
11:27:27,158.8,15.6
11:27:28,145.1,15.6
11:27:28,147.1,15.6
11:27:29,96.1,15.6
11:27:29,102.0,15.6
11:27:30,96.1,15.6
11:27:30,100.0,15.6
11:27:31,133.3,15.6
11:27:31,149.0,15.6
11:27:32,164.7,15.6
11:27:32,164.0,15.6
11:27:33,164.7,15.6
11:27:33,152.9,15.6
11:27:34,162.7,15.6
11:27:34,131.4,15.6
11:27:35,154.9,15.6
11:27:35,151.0,15.6
11:27:36,158.8,15.6
11:27:36,162.7,15.6
11:27:37,152.9,15.6
11:27:37,106.0,15.6
11:27:38,98.0,15.6
11:27:38,96.1,15.6
11:27:39,100.0,15.6
11:27:39,128.0,15.6
11:27:40,149.0,15.6
11:27:40,170.6,15.6
11:27:41,166.7,15.6
11:27:41,160.8,15.6
11:27:42,158.8,15.6
11:27:42,170.6,15.6
11:27:43,154.9,15.6
11:27:43,158.8,15.6
11:27:44,174.5,15.6
11:27:44,166.7,15.6
11:27:45,176.5,15.6
11:27:46,156.9,15.6
11:27:46,105.9,15.6
11:27:47,98.0,15.6
11:27:47,104.0,15.6
11:27:48,98.0,15.6
11:27:48,123.5,15.6
11:27:49,176.5,15.6
11:27:49,154.9,15.6
11:27:50,164.0,15.6
11:27:50,158.8,15.6
11:27:51,160.8,15.6
11:27:51,156.9,15.6
11:27:52,147.1,15.6
11:27:52,154.9,15.6
11:27:53,160.8,15.6
11:27:53,174.0,15.6
11:27:54,174.5,15.6
11:27:54,152.9,15.6
11:27:55,96.1,15.6
11:27:55,98.0,15.6
11:27:56,100.0,15.6
11:27:56,103.9,15.6
11:27:57,141.2,15.6
11:27:57,151.0,15.6
11:27:58,149.0,15.6
11:27:58,166.7,15.6
11:27:59,166.7,15.6
11:27:59,151.0,15.6
11:28:00,152.9,15.6
11:28:00,174.5,15.6
11:28:01,149.0,15.6
11:28:01,174.0,15.6
11:28:02,166.7,15.6
11:28:02,168.6,15.6
11:28:03,172.5,15.6
11:28:03,125.5,15.6
11:28:04,98.0,15.6
11:28:04,98.0,15.6
11:28:05,100.0,15.6
11:28:05,117.6,15.6
11:28:06,158.8,15.6
11:28:06,158.8,15.6
11:28:07,168.6,15.6
11:28:07,162.7,15.6
11:28:08,156.9,15.6
11:28:08,156.0,15.6
11:28:09,162.7,15.6
11:28:09,145.1,15.6
11:28:10,160.8,15.6
11:28:10,164.7,15.6
11:28:11,152.9,15.6
11:28:11,170.0,15.6
11:28:12,170.6,15.6
11:28:12,111.8,15.6
11:28:13,98.0,15.6
11:28:13,102.0,15.6
11:28:14,100.0,15.6
11:28:14,119.6,15.6
11:28:15,158.8,15.6
11:28:16,172.0,15.6
11:28:16,172.5,15.6
11:28:17,172.5,15.6
11:28:17,156.9,15.6
11:28:18,168.6,15.6
11:28:18,143.1,15.6
11:28:19,152.9,15.6
11:28:19,166.7,15.6
11:28:20,147.1,15.6
11:28:20,152.9,15.6
11:28:21,154.9,15.6
11:28:21,149.0,15.6
11:28:22,156.9,15.6
11:28:22,119.6,15.6
11:28:23,100.0,15.6
11:28:23,98.0,15.6
11:28:24,100.0,15.6
11:28:24,119.6,15.6
11:28:25,147.1,15.6
11:28:25,168.6,15.6
11:28:26,172.5,15.6
11:28:26,156.9,15.6
11:28:27,174.5,15.6
11:28:27,155.8,15.6
11:28:28,170.6,15.6
11:28:28,164.7,15.6
11:28:29,137.3,15.6
11:28:29,162.7,15.6
11:28:30,168.6,15.6
11:28:30,154.9,15.6
11:28:31,154.9,15.6
11:28:31,156.9,15.6
11:28:32,175.0,15.6
11:28:32,164.7,15.6
11:28:33,135.3,15.6
11:28:33,98.0,15.6
11:28:34,100.0,15.6
11:28:34,98.0,15.6
11:28:35,121.6,15.6
11:28:35,133.3,15.6
11:28:36,156.9,15.6
11:28:36,160.8,15.6
11:28:37,164.7,15.6
11:28:37,162.7,15.6
11:28:38,170.6,15.6
11:28:38,168.6,15.6
11:28:39,156.9,15.6
11:28:39,164.7,15.6
11:28:40,142.3,15.6
11:28:40,170.6,15.6
11:28:41,162.7,15.6
11:28:42,162.0,15.6
11:28:42,160.8,15.6
11:28:43,160.8,15.6
11:28:43,162.7,15.6
11:28:44,109.6,15.6
11:28:44,100.0,15.6
11:28:45,98.0,15.6
11:28:45,100.0,15.6
11:28:46,127.5,15.6
11:28:46,162.7,15.6
11:28:47,176.5,15.6
11:28:47,176.5,15.6
11:28:48,178.4,15.6
11:28:48,157.7,15.6
11:28:49,166.0,15.6
11:28:49,162.7,15.6
11:28:50,153.8,15.6
11:28:50,143.1,15.6
11:28:51,168.6,15.6
11:28:51,176.5,15.6
11:28:52,174.5,15.6
11:28:52,166.7,15.6
11:28:53,166.7,15.6
11:28:53,145.1,15.6
11:28:54,98.0,15.6
11:28:54,98.0,15.6
11:28:55,98.0,15.6
11:28:55,111.8,15.6
11:28:56,145.1,15.6
11:28:56,160.8,15.6
11:28:57,164.7,15.6
11:28:57,176.5,15.6
11:28:58,172.5,15.6
11:28:58,152.9,15.6
11:28:59,160.8,15.6
11:28:59,154.9,15.6
11:29:00,166.7,15.6
11:29:00,151.0,15.6
11:29:01,156.9,15.6
11:29:01,162.7,15.6
11:29:02,162.7,15.6
11:29:02,154.9,15.6
11:29:03,170.6,15.6
11:29:03,152.9,15.6
11:29:04,130.8,15.6
11:29:04,100.0,15.6
11:29:05,102.0,15.6
11:29:05,100.0,15.6
11:29:06,121.6,15.6
11:29:07,143.1,15.6
11:29:07,170.6,15.6
11:29:08,160.8,15.6
11:29:08,172.5,15.6
11:29:09,166.7,15.6
11:29:09,160.8,15.6
11:29:10,164.0,15.6
11:29:10,156.9,15.6
11:29:11,163.5,15.6
11:29:11,145.1,15.6
11:29:12,178.4,15.6
11:29:12,168.6,15.6
11:29:13,160.8,15.6
11:29:13,166.7,15.6
11:29:14,168.6,15.6
11:29:14,166.7,15.6
11:29:15,123.5,15.6
11:29:15,98.0,15.6
11:29:16,102.0,15.6
11:29:16,98.0,15.6
11:29:17,123.5,15.6
11:29:17,147.1,15.6
11:29:18,178.4,15.6
11:29:18,164.7,15.6
11:29:19,172.5,15.6
11:29:19,153.8,15.6
11:29:20,174.0,15.6
11:29:20,162.7,15.6
11:29:21,152.9,15.6
11:29:21,160.8,15.6
11:29:22,141.2,15.6
11:29:22,174.5,15.6
11:29:23,164.7,15.6
11:29:23,163.5,15.6
11:29:24,168.6,15.6
11:29:24,170.6,15.6
11:29:25,119.6,15.6
11:29:25,100.0,15.6
11:29:26,98.0,15.6
11:29:26,100.0,15.6
11:29:27,130.0,15.6
11:29:27,137.3,15.6
11:29:28,176.5,15.6
11:29:28,167.3,15.6
11:29:29,172.5,15.6
11:29:29,168.6,15.6
11:29:30,168.6,15.6
11:29:30,164.7,15.6
11:29:31,170.6,15.6
11:29:31,158.8,15.6
11:29:32,156.9,15.6
11:29:33,154.9,15.6
11:29:33,149.0,15.6
11:29:34,142.3,15.6
11:29:34,168.6,15.6
11:29:35,166.7,15.6
11:29:35,168.0,15.6
11:29:36,115.4,15.6
11:29:36,100.0,15.6
11:29:37,98.0,15.6
11:29:37,100.0,15.6
11:29:38,138.0,15.6
11:29:38,139.2,15.6
11:29:39,160.8,15.6
11:29:39,167.3,15.6
11:29:40,154.0,15.6
11:29:40,164.7,15.6
11:29:41,157.7,15.6
11:29:41,162.7,15.6
11:29:42,166.7,15.6
11:29:42,152.9,15.6
11:29:43,149.0,15.6
11:29:43,178.4,15.6
11:29:44,159.6,15.6
11:29:44,170.6,15.6
11:29:45,164.7,15.6
11:29:45,160.8,15.6
11:29:46,141.2,15.6
11:29:46,98.0,15.6
11:29:47,100.0,15.6
11:29:47,98.0,15.6
11:29:48,120.0,15.6
11:29:48,145.1,15.6
11:29:49,166.7,15.6
11:29:49,160.8,15.6
11:29:50,164.7,15.6
11:29:50,157.7,15.6
11:29:51,160.8,15.6
11:29:51,154.9,15.6
11:29:52,154.9,15.6
11:29:52,158.8,15.6
11:29:53,151.0,15.6
11:29:53,172.5,15.6
11:29:54,172.5,15.6
11:29:54,160.8,15.6
11:29:55,156.9,15.6
11:29:55,160.8,15.6
11:29:56,160.8,15.6
11:29:56,123.5,15.6
11:29:57,98.0,15.6
11:29:58,100.0,15.6
11:29:58,96.2,15.6
11:29:59,130.0,15.6
11:29:59,133.3,15.6
11:30:00,149.0,15.6
11:30:00,154.9,15.6
11:30:01,147.1,15.6
11:30:01,152.9,15.6
11:30:02,145.1,15.6
11:30:02,150.0,15.6
11:30:03,146.0,15.6
11:30:03,139.2,15.6
11:30:04,123.1,15.6
11:30:04,119.6,15.6
11:30:05,149.0,15.6
11:30:05,158.8,15.6
11:30:06,154.9,15.6
11:30:06,160.8,15.6
11:30:07,168.6,15.6
11:30:07,166.7,15.6
11:30:08,135.3,15.6
11:30:08,98.0,15.6
11:30:09,98.0,15.6
11:30:09,102.0,15.6
11:30:10,109.8,15.6
11:30:10,141.2,15.6
11:30:11,156.9,15.6
11:30:11,154.9,15.6
11:30:12,151.0,15.6
11:30:12,154.9,15.6
11:30:13,141.2,15.6
11:30:13,151.0,15.6
11:30:14,156.9,15.6
11:30:14,158.8,15.7
11:30:15,131.4,15.8
11:30:15,162.7,15.8
11:30:16,172.5,15.9
11:30:16,170.6,16.0
11:30:17,165.4,16.1
11:30:17,174.5,16.1
11:30:18,154.9,16.2
11:30:18,137.3,16.2
11:30:19,100.0,16.2
11:30:19,98.0,16.2
11:30:20,98.0,16.2
11:30:20,111.8,16.2
11:30:21,135.3,16.2
11:30:21,156.9,16.2
11:30:22,164.7,16.2
11:30:22,158.8,16.2
11:30:23,176.5,16.3
11:30:24,162.7,16.4
11:30:24,152.9,16.4
11:30:25,158.8,16.5
11:30:25,160.8,16.6
11:30:26,138.5,16.6
11:30:26,174.0,16.7
11:30:27,167.3,16.8
11:30:27,168.6,16.9
11:30:28,162.7,16.9
11:30:28,154.9,17.0
11:30:29,170.6,17.1
11:30:29,107.8,17.1
11:30:30,100.0,17.1
11:30:30,98.0,17.1
11:30:31,100.0,17.1
11:30:31,133.3,17.1
11:30:32,145.1,17.1
11:30:32,178.4,17.1
11:30:33,162.7,17.1
11:30:33,162.7,17.1
11:30:34,168.6,17.1
11:30:34,164.7,17.2
11:30:35,150.0,17.3
11:30:35,154.9,17.4
11:30:36,131.4,17.4
11:30:36,164.7,17.5
11:30:37,180.4,17.6
11:30:37,176.5,17.7
11:30:38,174.5,17.8
11:30:38,162.7,17.9
11:30:39,166.7,17.9
11:30:39,107.8,17.9
11:30:40,98.0,17.9
11:30:40,98.0,17.9
11:30:41,100.0,17.9
11:30:41,136.0,17.9
11:30:42,158.8,17.9
11:30:42,178.8,17.9
11:30:43,172.5,17.9
11:30:43,174.5,18.0
11:30:44,170.0,18.1
11:30:44,157.7,18.1
11:30:45,170.6,18.3
11:30:45,141.2,18.3
11:30:46,160.8,18.4
11:30:46,170.6,18.5
11:30:47,160.8,18.6
11:30:47,168.6,18.6
11:30:48,174.5,18.7
11:30:49,152.9,18.8
11:30:49,139.2,18.8
11:30:50,98.0,18.8
11:30:50,102.0,18.8
11:30:51,98.0,18.8
11:30:51,108.0,18.8
11:30:52,139.2,18.8
11:30:52,174.5,18.8
11:30:53,175.0,18.8
11:30:53,154.9,18.8
11:30:54,162.7,18.8
11:30:54,162.7,18.8
11:30:55,154.9,18.9
11:30:55,152.9,18.9
11:30:56,162.7,19.0
11:30:56,145.1,19.1
11:30:57,166.7,19.1
11:30:57,174.5,19.3
11:30:58,161.5,19.4
11:30:58,166.7,19.5
11:30:59,152.9,19.5
11:30:59,152.9,19.6
11:31:00,98.0,19.6
11:31:00,100.0,19.6
11:31:01,98.0,19.6
11:31:01,104.0,19.6
11:31:02,147.1,19.6
11:31:02,160.8,19.6
11:31:03,142.3,19.6
11:31:03,160.8,19.6
11:31:04,170.6,19.6
11:31:04,143.1,19.7
11:31:05,154.9,19.7
11:31:05,160.8,19.8
11:31:06,151.0,19.9
11:31:06,137.3,19.9
11:31:07,162.7,20.0
11:31:07,166.7,20.1
11:31:08,160.8,20.2
11:31:08,166.7,20.3
11:31:09,162.7,20.4
11:31:09,152.9,20.4
11:31:10,100.0,20.4
11:31:10,96.1,20.4
11:31:11,100.0,20.4
11:31:11,98.0,20.4
11:31:12,136.0,20.4
11:31:12,170.6,20.4
11:31:13,167.3,20.4
11:31:13,170.0,20.4
11:31:14,159.6,20.5
11:31:15,154.9,20.5
11:31:15,166.7,20.6
11:31:16,170.6,20.7
11:31:16,176.5,20.8
11:31:17,151.0,20.8
11:31:17,161.5,20.8
11:31:18,166.7,20.9
11:31:18,166.7,20.9
11:31:19,158.8,21.0
11:31:19,166.7,21.1
11:31:20,164.7,21.1
11:31:20,150.0,21.2
11:31:21,103.9,21.2
11:31:21,98.0,21.2
11:31:22,100.0,21.2
11:31:22,100.0,21.2
11:31:23,145.1,21.2
11:31:23,158.8,21.2
11:31:24,180.4,21.2
11:31:24,168.6,21.2
11:31:25,163.5,21.2
11:31:25,164.7,21.2
11:31:26,170.0,21.3
11:31:26,153.8,21.3
11:31:27,158.8,21.4
11:31:27,145.1,21.5
11:31:28,168.6,21.5
11:31:28,174.5,21.6
11:31:29,168.6,21.7
11:31:29,170.6,21.8
11:31:30,172.5,21.9
11:31:30,158.8,21.9
11:31:31,135.3,21.9
11:31:31,100.0,21.9
11:31:32,100.0,21.9
11:31:32,100.0,21.9
11:31:33,107.8,21.9
11:31:33,139.2,21.9
11:31:34,170.6,21.9
11:31:34,164.7,21.9
11:31:35,166.7,21.9
11:31:35,160.8,21.9
11:31:36,166.7,21.9
11:31:36,151.9,22.0
11:31:37,170.0,22.0
11:31:37,169.2,22.2
11:31:38,154.9,22.2
11:31:38,160.8,22.3
11:31:39,180.4,22.4
11:31:40,170.6,22.5
11:31:40,176.5,22.6
11:31:41,166.7,22.7
11:31:41,143.1,22.8
11:31:42,96.1,22.8
11:31:42,100.0,22.8
11:31:43,98.0,22.8
11:31:43,105.9,22.8
11:31:44,144.0,22.8
11:31:44,157.7,22.8
11:31:45,166.7,22.8
11:31:45,160.8,22.8
11:31:46,162.7,22.8
11:31:46,166.7,22.8
11:31:47,160.8,22.9
11:31:47,174.5,23.0
11:31:48,166.7,23.1
11:31:48,145.1,23.1
11:31:49,162.7,23.2
11:31:49,174.5,23.3
11:31:50,149.0,23.3
11:31:50,156.9,23.4
11:31:51,170.6,23.4
11:31:51,156.9,23.4
11:31:52,152.9,23.5
11:31:52,103.9,23.5
11:31:53,96.1,23.5
11:31:53,98.0,23.5
11:31:54,102.0,23.5
11:31:54,137.3,23.5
11:31:55,152.9,23.5
11:31:55,168.6,23.5
11:31:56,167.3,23.5
11:31:56,156.9,23.5
11:31:57,172.5,23.5
11:31:57,151.0,23.6
11:31:58,164.7,23.6
11:31:58,166.7,23.7
11:31:59,152.9,23.8
11:31:59,172.5,23.9
11:32:00,160.8,24.0
11:32:00,159.6,24.1
11:32:01,147.1,24.2
11:32:01,164.7,24.2
11:32:02,162.7,24.3
11:32:02,113.7,24.3
11:32:03,102.0,24.3
11:32:03,96.2,24.3
11:32:04,100.0,24.3
11:32:05,123.5,24.3
11:32:05,141.2,24.3
11:32:06,162.7,24.3
11:32:06,151.0,24.3
11:32:07,131.4,24.3
11:32:07,147.1,24.3
11:32:08,138.5,24.4
11:32:08,141.2,24.4
11:32:09,160.0,24.5
11:32:09,160.8,24.6
11:32:10,119.6,24.7
11:32:10,135.3,24.8
11:32:11,157.7,24.8
11:32:11,158.8,24.9
11:32:12,166.7,25.0
11:32:12,166.7,25.1
11:32:13,160.8,25.2
11:32:13,111.8,25.2
11:32:14,96.1,25.2
11:32:14,100.0,25.2
11:32:15,98.0,25.2
11:32:15,120.0,25.2
11:32:16,130.8,25.2
11:32:16,152.9,25.2
11:32:17,154.9,25.2
11:32:17,164.7,25.2
11:32:18,165.4,25.2
11:32:18,170.6,25.2
11:32:19,172.5,25.2
11:32:19,168.6,25.3
11:32:20,160.8,25.3
11:32:20,145.1,25.4
11:32:21,164.7,25.5
11:32:21,139.2,25.6
11:32:22,148.1,25.7
11:32:22,164.7,25.7
11:32:23,139.2,25.8
11:32:23,144.0,25.9
11:32:24,103.8,25.9
11:32:24,100.0,25.9
11:32:25,98.0,25.9
11:32:25,98.0,25.9
11:32:26,105.9,25.9
11:32:26,117.6,25.9
11:32:27,164.7,25.9
11:32:27,180.4,25.9
11:32:28,176.5,25.9
11:32:28,155.8,25.9
11:32:29,137.3,26.0
11:32:30,149.0,26.1
11:32:30,147.1,26.1
11:32:31,152.9,26.2
11:32:31,115.7,26.3
11:32:32,151.0,26.4
11:32:32,168.6,26.5
11:32:33,164.7,26.6
11:32:33,147.1,26.6
11:32:34,157.7,26.7
11:32:34,147.1,26.8
11:32:35,102.0,26.8
11:32:35,96.1,26.8
11:32:36,96.1,26.8
11:32:36,98.0,26.8
11:32:37,119.6,26.8
11:32:37,129.4,26.8
11:32:38,153.8,26.8
11:32:38,154.9,26.8
11:32:39,160.8,26.8
11:32:39,151.0,26.8
11:32:40,141.2,26.9
11:32:40,152.9,27.0
11:32:41,152.9,27.0
11:32:41,148.1,27.1
11:32:42,131.4,27.2
11:32:42,160.8,27.2
11:32:43,172.5,27.3
11:32:43,166.7,27.4
11:32:44,162.7,27.5
11:32:44,168.6,27.6
11:32:45,164.7,27.6
11:32:45,119.6,27.7
11:32:46,100.0,27.7
11:32:46,94.1,27.7
11:32:47,100.0,27.7
11:32:47,111.8,27.7
11:32:48,135.3,27.7
11:32:48,156.9,27.7
11:32:49,151.0,27.7
11:32:49,152.9,27.7
11:32:50,155.8,27.8
11:32:50,139.2,27.8
11:32:51,131.4,27.9
11:32:51,139.2,28.0
11:32:52,123.1,28.1
11:32:53,127.5,28.1
11:32:53,158.8,28.2
11:32:54,143.1,28.3
11:32:54,160.8,28.4
11:32:55,160.8,28.4
11:32:55,162.7,28.5
11:32:56,148.1,28.5
11:32:56,121.6,28.6
11:32:57,98.0,28.6
11:32:57,98.0,28.6
11:32:58,100.0,28.6
11:32:58,98.0,28.6
11:32:59,121.6,28.6
11:32:59,127.5,28.6
11:33:00,145.1,28.6
11:33:00,156.9,28.6
11:33:01,141.2,28.6
11:33:01,154.9,28.6
11:33:02,156.9,28.6
11:33:02,162.7,28.7
11:33:03,164.7,28.8
11:33:03,172.5,28.8
11:33:04,156.9,28.9
11:33:04,168.6,29.0
11:33:05,169.2,29.1
11:33:05,168.6,29.1
11:33:06,154.9,29.2
11:33:06,164.7,29.2
11:33:07,156.9,29.2
11:33:07,141.2,29.3
11:33:08,98.0,29.3
11:33:08,100.0,29.3
11:33:09,96.1,29.3
11:33:09,100.0,29.3
11:33:10,96.1,29.3
11:33:10,98.0,29.3
11:33:11,96.1,29.3
11:33:11,102.0,29.3
11:33:12,96.1,29.3
11:33:12,98.0,29.3
11:33:13,100.0,29.3
11:33:13,98.0,29.3
11:33:14,98.0,29.3
11:33:14,100.0,29.3
11:33:15,98.0,29.3
11:33:15,98.0,29.3
11:33:16,102.0,29.3
11:33:16,98.0,29.3
11:33:17,100.0,29.3
11:33:17,100.0,29.3
11:33:18,100.0,29.3
11:33:18,100.0,29.3
11:33:19,100.0,29.3
11:33:19,98.0,29.3
11:33:20,100.0,29.3
11:33:20,102.0,29.3
11:33:21,98.0,29.3
11:33:21,98.0,29.3
11:33:22,100.0,29.3
11:33:23,98.0,29.3
11:33:23,102.0,29.3
11:33:24,98.0,29.3
11:33:24,100.0,29.3
11:33:25,100.0,29.3
11:33:25,102.0,29.3
11:33:26,98.0,29.3
11:33:26,100.0,29.3
11:33:27,98.0,29.3
11:33:27,100.0,29.3
11:33:28,100.0,29.3
11:33:28,102.0,29.3
11:33:29,98.0,29.3
11:33:29,98.0,29.3
11:33:30,100.0,29.3
11:33:30,98.0,29.3
11:33:31,102.0,29.3
11:33:31,96.1,29.3
11:33:32,102.0,29.3
11:33:32,98.0,29.3
11:33:33,100.0,29.3
11:33:33,98.0,29.3
11:33:34,102.0,29.3
11:33:34,100.0,29.3
11:33:35,98.0,29.3
11:33:35,100.0,29.3
11:33:36,98.0,29.3
11:33:36,100.0,29.3
11:33:37,100.0,29.3
11:33:37,98.0,29.3
11:33:38,102.0,29.3
11:33:38,98.0,29.3
11:33:39,98.0,29.3
11:33:39,98.0,29.3
11:33:40,102.0,29.3
11:33:40,98.0,29.3
11:33:41,96.1,29.3
11:33:41,100.0,29.3
11:33:42,98.0,29.3
11:33:42,100.0,29.3
11:33:43,100.0,29.3
11:33:43,100.0,29.3
11:33:44,98.0,29.3
11:33:44,100.0,29.3
11:33:45,98.0,29.3
11:33:45,96.1,29.3
11:33:46,102.0,29.3
11:33:46,98.0,29.3
11:33:47,100.0,29.3
11:33:47,98.0,29.3
11:33:48,100.0,29.3
11:33:48,98.0,29.3
11:33:49,102.0,29.3
11:33:49,100.0,29.3
11:33:50,98.0,29.3
11:33:50,100.0,29.3
11:33:51,98.0,29.3
11:33:51,100.0,29.3
11:33:52,100.0,29.3
11:33:52,98.0,29.3
11:33:53,102.0,29.3
11:33:53,98.0,29.3
11:33:54,98.0,29.3
11:33:54,102.0,29.3
11:33:55,98.0,29.3
11:33:55,100.0,29.3
11:33:56,100.0,29.3
11:33:56,100.0,29.3
11:33:57,98.0,29.3
11:33:57,100.0,29.3
11:33:58,100.0,29.3
11:33:58,98.0,29.3
11:33:59,98.0,29.3
11:33:59,102.0,29.3
11:34:00,100.0,29.3
11:34:00,100.0,29.3
11:34:01,100.0,29.3
11:34:01,100.0,29.3
11:34:02,98.0,29.3
11:34:03,100.0,29.3
11:34:03,100.0,29.3
11:34:04,98.0,29.3
11:34:04,102.0,29.3
11:34:05,98.0,29.3
11:34:05,102.0,29.3
11:34:06,98.0,29.3
11:34:06,100.0,29.3
11:34:07,100.0,29.3
11:34:07,100.0,29.3
11:34:08,98.0,29.3
11:34:08,100.0,29.3
11:34:09,98.0,29.3
11:34:09,102.0,29.3
11:34:10,96.1,29.3
11:34:10,102.0,29.3
11:34:11,100.0,29.3
11:34:11,100.0,29.3
11:34:12,94.1,29.3
11:34:12,102.0,29.3
11:34:13,98.0,29.3
11:34:13,102.0,29.3
11:34:14,98.0,29.3
11:34:14,98.0,29.3
11:34:15,100.0,29.3
11:34:15,100.0,29.3
11:34:16,102.0,29.3
11:34:16,100.0,29.3
11:34:17,98.0,29.3
11:34:17,100.0,29.3
11:34:18,98.0,29.3
11:34:18,102.0,29.3
11:34:19,98.0,29.3
11:34:19,100.0,29.3
11:34:20,100.0,29.3
11:34:20,98.0,29.3
11:34:21,100.0,29.3
11:34:21,98.0,29.3
11:34:22,102.0,29.3
11:34:22,98.0,29.3
11:34:23,98.0,29.3
11:34:23,94.1,29.3
11:34:24,102.0,29.3
11:34:24,100.0,29.3
11:34:25,98.0,29.3
11:34:25,100.0,29.3
11:34:26,98.0,29.3
11:34:26,96.1,29.3
11:34:27,102.0,29.3
11:34:27,100.0,29.3
11:34:28,100.0,29.3
11:34:28,98.0,29.3
11:34:29,98.0,29.3
11:34:29,100.0,29.3
11:34:30,100.0,29.3
11:34:30,98.0,29.3
11:34:31,104.0,29.3
11:34:31,98.0,29.3
11:34:32,98.0,29.3
11:34:32,102.0,29.3
11:34:33,98.0,29.3
11:34:33,100.0,29.3
11:34:34,102.0,29.3
11:34:34,98.0,29.3
11:34:35,100.0,29.3
11:34:35,100.0,29.3
11:34:36,100.0,29.3
11:34:36,98.0,29.3
11:34:37,100.0,29.3
11:34:37,100.0,29.3
11:34:38,102.0,29.3
11:34:38,98.0,29.3
11:34:39,102.0,29.3
11:34:39,98.0,29.3
11:34:40,102.0,29.3
11:34:40,98.0,29.3
11:34:41,100.0,29.3
11:34:41,100.0,29.3
11:34:42,98.0,29.3
11:34:42,102.0,29.3
11:34:43,100.0,29.3
11:34:43,98.0,29.3
11:34:44,100.0,29.3
11:34:44,100.0,29.3
11:34:45,100.0,29.3
11:34:46,100.0,29.3
11:34:46,100.0,29.3
11:34:47,100.0,29.3
11:34:47,98.0,29.3
11:34:48,102.0,29.3
11:34:48,98.0,29.3
11:34:49,102.0,29.3
11:34:49,62.7,29.3
11:34:50,3.9,29.3
11:34:50,0.0,29.3
11:34:51,0.0,29.3
11:34:51,0.0,29.3
11:34:52,0.0,29.3
11:34:52,0.0,29.3
11:34:53,0.0,29.3
11:34:53,2.0,29.3
11:34:54,0.0,29.3
11:34:54,0.0,29.3
11:34:55,0.0,29.3
11:34:55,55.8,29.3
11:34:56,119.6,29.3
11:34:56,127.5,29.3
11:34:57,149.0,29.3
11:34:57,133.3,29.3
11:34:58,147.1,29.3
11:34:58,144.0,29.3
11:34:59,151.0,29.3
11:34:59,129.4,29.3
11:35:00,151.0,29.3
11:35:00,151.0,29.3
11:35:01,162.7,29.3
11:35:01,156.9,29.3
11:35:02,154.9,29.3
11:35:02,154.9,29.3
11:35:03,98.0,29.3
11:35:03,102.0,29.3
11:35:04,98.0,29.3
11:35:04,100.0,29.3
11:35:05,98.0,29.3
11:35:05,98.0,29.3
11:35:06,96.1,29.3
11:35:06,96.1,29.3
11:35:07,98.0,29.3
11:35:07,104.0,29.3
11:35:08,98.0,29.3
11:35:08,98.0,29.3
11:35:09,49.0,29.3
11:35:09,0.0,29.3
11:35:10,0.0,29.3
11:35:10,2.0,29.3
11:35:11,0.0,29.3
11:35:11,2.0,29.3
11:35:12,0.0,29.3
11:35:12,0.0,29.3
11:35:13,0.0,29.3
11:35:13,0.0,29.3
11:35:14,0.0,29.3
11:35:14,0.0,29.3
11:35:15,0.0,29.3
11:35:16,0.0,29.3
11:35:16,0.0,29.3
11:35:17,0.0,29.3
11:35:17,0.0,29.3
11:35:18,2.0,29.3
11:35:18,0.0,29.3
11:35:19,0.0,29.3
11:35:19,0.0,29.3
11:35:20,0.0,29.3
11:35:20,0.0,29.3
11:35:21,2.0,29.3
11:35:21,13.7,29.3
11:35:22,0.0,29.3
11:35:22,0.0,29.3
11:35:23,0.0,29.3
11:35:23,0.0,29.3
11:35:24,2.0,29.3
11:35:24,1.9,29.3
11:35:25,0.0,29.3
11:35:25,0.0,29.3
11:35:26,0.0,29.3
11:35:26,0.0,29.3
11:35:27,1.9,29.3
11:35:27,7.8,29.3
11:35:28,0.0,29.3
11:35:28,0.0,29.3
11:35:29,0.0,29.3
11:35:29,0.0,29.3
11:35:30,0.0,29.3
11:35:30,0.0,29.3
11:35:31,0.0,29.3
11:35:31,0.0,29.3
11:35:32,0.0,29.3
11:35:32,2.0,29.3
11:35:33,0.0,29.3
11:35:33,0.0,29.3
11:35:34,0.0,29.3
11:35:34,0.0,29.3
11:35:35,0.0,29.3
11:35:35,0.0,29.3
11:35:36,0.0,29.3
11:35:36,0.0,29.3
11:35:37,0.0,29.3
11:35:37,0.0,29.3
11:35:38,0.0,29.3
11:35:39,0.0,29.3
11:35:39,2.0,29.3
11:35:40,0.0,29.3
11:35:40,0.0,29.3
11:35:41,0.0,29.3
11:35:41,0.0,29.3
11:35:42,0.0,29.3
11:35:42,0.0,29.3
11:35:43,0.0,29.3
11:35:43,0.0,29.3
11:35:44,0.0,29.3
11:35:44,0.0,29.3
11:35:45,1.9,29.3
11:35:45,3.9,29.3
11:35:46,0.0,29.3
11:35:46,0.0,29.3
11:35:47,0.0,29.3
11:35:47,0.0,29.3
11:35:48,0.0,29.3
11:35:48,0.0,29.3
11:35:49,0.0,29.3
11:35:49,0.0,29.3
11:35:50,0.0,29.3
11:35:50,0.0,29.3
11:35:51,2.0,29.3
11:35:51,0.0,29.3
11:35:52,0.0,29.3
11:35:52,0.0,29.3
11:35:53,0.0,29.3
11:35:53,0.0,29.3
11:35:54,1.9,29.3
11:35:54,0.0,29.3
11:35:55,0.0,29.3
11:35:55,0.0,29.3
11:35:56,0.0,29.3
11:35:56,0.0,29.3
11:35:57,0.0,29.3
11:35:57,0.0,29.3
11:35:58,0.0,29.3
11:35:58,0.0,29.3
11:35:59,0.0,29.3
11:36:00,0.0,29.3
11:36:00,0.0,29.3
11:36:01,2.0,29.3
11:36:01,0.0,29.3
11:36:02,0.0,29.3
11:36:02,0.0,29.3
11:36:03,0.0,29.3
11:36:03,2.0,29.3
11:36:04,0.0,29.3
11:36:04,0.0,29.3
11:36:05,3.9,29.3
11:36:05,0.0,29.3
11:36:06,3.9,29.3
11:36:06,3.9,29.3
11:36:07,0.0,29.3
11:36:07,2.0,29.3
11:36:08,2.0,29.3
11:36:08,0.0,29.3
11:36:09,0.0,29.3
11:36:09,0.0,29.3
11:36:10,0.0,29.3
11:36:10,0.0,29.3
11:36:11,0.0,29.3
11:36:11,0.0,29.3
11:36:12,0.0,29.3
11:36:12,2.0,29.3
11:36:13,0.0,29.3
11:36:13,0.0,29.3
11:36:14,0.0,29.3
11:36:14,0.0,29.3
11:36:15,0.0,29.3
11:36:15,0.0,29.3
11:36:16,0.0,29.3
11:36:16,0.0,29.3
11:36:17,0.0,29.3
11:36:17,0.0,29.3
11:36:18,0.0,29.3
11:36:18,2.0,29.3
11:36:19,0.0,29.3
11:36:19,0.0,29.3
11:36:20,0.0,29.3
11:36:20,0.0,29.3
11:36:21,0.0,29.3
11:36:21,0.0,29.3
11:36:22,1.9,29.3
11:36:22,0.0,29.3
11:36:23,0.0,29.3
11:36:24,0.0,29.3
11:36:24,0.0,29.3
11:36:25,0.0,29.3
11:36:25,0.0,29.3
11:36:26,0.0,29.3
11:36:26,0.0,29.3
11:36:27,0.0,29.3
11:36:27,0.0,29.3
11:36:28,0.0,29.3
11:36:28,2.0,29.3
11:36:29,0.0,29.3
11:36:29,0.0,29.3
11:36:30,0.0,29.3
11:36:30,0.0,29.3
11:36:31,0.0,29.3
11:36:31,0.0,29.3
11:36:32,0.0,29.3
11:36:32,0.0,29.3
11:36:33,0.0,29.3
11:36:33,0.0,29.3
11:36:34,2.0,29.3
11:36:34,2.0,29.3
11:36:35,0.0,29.3
11:36:35,0.0,29.3
11:36:36,0.0,29.3
11:36:36,0.0,29.3
11:36:37,0.0,29.3
11:36:37,0.0,29.3
11:36:38,0.0,29.3
11:36:38,0.0,29.3
11:36:39,0.0,29.3
11:36:39,0.0,29.3
11:36:40,2.0,29.3
11:36:40,0.0,29.3
11:36:41,0.0,29.3
11:36:41,0.0,29.3
11:36:42,0.0,29.3
11:36:42,0.0,29.3
11:36:43,0.0,29.3
11:36:43,2.0,29.3
11:36:44,0.0,29.3
11:36:45,76.0,29.3
11:36:45,0.0,29.3
11:36:46,2.0,29.3
11:36:46,0.0,29.3
11:36:47,0.0,29.3
11:36:47,0.0,29.3
11:36:48,0.0,29.3
11:36:48,0.0,29.3
11:36:49,1.9,29.3
11:36:49,0.0,29.3
11:36:50,0.0,29.3
11:36:50,0.0,29.3
11:36:51,0.0,29.3
11:36:51,0.0,29.3
11:36:52,0.0,29.3
11:36:52,0.0,29.3
11:36:53,0.0,29.3
11:36:53,0.0,29.3
11:36:54,3.9,29.3
11:36:54,0.0,29.3
11:36:55,0.0,29.3
11:36:55,0.0,29.3
11:36:56,0.0,29.3
11:36:56,0.0,29.3
11:36:57,0.0,29.3
11:36:57,0.0,29.3
11:36:58,0.0,29.3
11:36:58,2.0,29.3
11:36:59,0.0,29.3
11:36:59,0.0,29.3
11:37:00,0.0,29.3
11:37:00,0.0,29.3
11:37:01,0.0,29.3
11:37:01,0.0,29.3
11:37:02,0.0,29.3
11:37:02,0.0,29.3
11:37:03,0.0,29.3
11:37:03,0.0,29.3
11:37:04,1.9,29.3
11:37:04,0.0,29.3
11:37:05,1.9,29.3
11:37:05,0.0,29.3
11:37:06,0.0,29.3
11:37:06,0.0,29.3
11:37:07,0.0,29.3
11:37:08,0.0,29.3
11:37:08,0.0,29.3
11:37:09,0.0,29.3
11:37:09,0.0,29.3
11:37:10,0.0,29.3
11:37:10,1.9,29.3
11:37:11,0.0,29.3
11:37:11,0.0,29.3
11:37:12,0.0,29.3
11:37:12,0.0,29.3
11:37:13,0.0,29.3
11:37:13,1.9,29.3
11:37:14,0.0,29.3
11:37:14,0.0,29.3
11:37:15,0.0,29.3
11:37:15,0.0,29.3
11:37:16,0.0,29.3
11:37:16,0.0,29.3
11:37:17,0.0,29.3
11:37:17,0.0,29.3
11:37:18,0.0,29.3
11:37:18,0.0,29.3
11:37:19,0.0,29.3
11:37:19,0.0,29.3
11:37:20,2.0,29.3
11:37:20,0.0,29.3
11:37:21,0.0,29.3
11:37:21,0.0,29.3
11:37:22,0.0,29.3
11:37:22,0.0,29.3
11:37:23,0.0,29.3
11:37:23,0.0,29.3
11:37:24,0.0,29.3
11:37:24,0.0,29.3
11:37:25,0.0,29.3
11:37:25,2.0,29.3
11:37:26,0.0,29.3
11:37:27,0.0,29.3
11:37:27,0.0,29.3
11:37:28,0.0,29.3
11:37:28,0.0,29.3
11:37:29,1.9,29.3
11:37:29,2.0,29.3
11:37:30,0.0,29.3
11:37:30,0.0,29.3
11:37:31,0.0,29.3
11:37:31,0.0,29.3
11:37:32,0.0,29.3
11:37:32,0.0,29.3
11:37:33,0.0,29.3
11:37:33,0.0,29.3
11:37:34,0.0,29.3
11:37:34,0.0,29.3
11:37:35,0.0,29.3
11:37:35,2.0,29.3
11:37:36,0.0,29.3
11:37:36,0.0,29.3
11:37:37,0.0,29.3
11:37:37,0.0,29.3
11:37:38,0.0,29.3
11:37:38,0.0,29.3
11:37:39,0.0,29.3
11:37:39,0.0,29.3
11:37:40,0.0,29.3
11:37:40,0.0,29.3
11:37:41,0.0,29.3
11:37:41,2.0,29.3
11:37:42,0.0,29.3
11:37:42,0.0,29.3
11:37:43,0.0,29.3
11:37:43,0.0,29.3
11:37:44,0.0,29.3
11:37:45,0.0,29.3
11:37:45,0.0,29.3
11:37:46,0.0,29.3
11:37:46,0.0,29.3
11:37:47,0.0,29.3
11:37:47,1.9,29.3
11:37:48,0.0,29.3
11:37:48,0.0,29.3
11:37:49,0.0,29.3
11:37:49,0.0,29.3
11:37:50,0.0,29.3
11:37:50,0.0,29.3
11:37:51,2.0,29.3
11:37:51,0.0,29.3
11:37:52,0.0,29.3
11:37:52,0.0,29.3
11:37:53,0.0,29.3
11:37:53,0.0,29.3
11:37:54,2.0,29.3
11:37:54,0.0,29.3
11:37:55,0.0,29.3
11:37:55,0.0,29.3
11:37:56,0.0,29.3
11:37:56,0.0,29.3
11:37:57,0.0,29.3
11:37:57,0.0,29.3
11:37:58,0.0,29.3
11:37:58,0.0,29.3
11:37:59,0.0,29.3
11:37:59,0.0,29.3
11:38:00,2.0,29.3
11:38:00,0.0,29.3
11:38:01,0.0,29.3
11:38:02,0.0,29.3
11:38:02,0.0,29.3
11:38:03,0.0,29.3
11:38:03,0.0,29.3
11:38:04,0.0,29.3
11:38:04,0.0,29.3
11:38:05,0.0,29.3
11:38:05,0.0,29.3
11:38:06,1.9,29.3
11:38:06,0.0,29.3
11:38:07,0.0,29.3
11:38:07,0.0,29.3
11:38:08,0.0,29.3
11:38:08,0.0,29.3
11:38:09,0.0,29.3
11:38:09,2.0,29.3
11:38:10,0.0,29.3
11:38:10,0.0,29.3
11:38:11,0.0,29.3
11:38:11,0.0,29.3
11:38:12,0.0,29.3
11:38:12,0.0,29.3
11:38:13,0.0,29.3
11:38:13,0.0,29.3
11:38:14,0.0,29.3
11:38:14,0.0,29.3
11:38:15,1.9,29.3
11:38:15,0.0,29.3
11:38:16,0.0,29.3
11:38:16,0.0,29.3
11:38:17,0.0,29.3
11:38:17,0.0,29.3
11:38:18,0.0,29.3
11:38:18,2.0,29.3
11:38:19,0.0,29.3
11:38:20,0.0,29.3
11:38:20,0.0,29.3
11:38:21,0.0,29.3
11:38:21,0.0,29.3
11:38:22,0.0,29.3
11:38:22,0.0,29.3
11:38:23,0.0,29.3
11:38:23,0.0,29.3
11:38:24,0.0,29.3
11:38:24,1.9,29.3
11:38:25,0.0,29.3
11:38:25,0.0,29.3
11:38:26,0.0,29.3
11:38:26,0.0,29.3
11:38:27,0.0,29.3
11:38:27,0.0,29.3
11:38:28,0.0,29.3
11:38:28,0.0,29.3
11:38:29,0.0,29.3
11:38:29,0.0,29.3
11:38:30,2.0,29.3
11:38:30,2.0,29.3
11:38:31,0.0,29.3
11:38:31,0.0,29.3
11:38:32,0.0,29.3
11:38:32,0.0,29.3
11:38:33,0.0,29.3
11:38:33,0.0,29.3
11:38:34,0.0,29.3
11:38:34,0.0,29.3
11:38:35,0.0,29.3
11:38:35,0.0,29.3
11:38:36,0.0,29.3
11:38:36,2.0,29.3
11:38:37,0.0,29.3
11:38:37,0.0,29.3
11:38:38,0.0,29.3
11:38:39,0.0,29.3
11:38:39,0.0,29.3
11:38:40,0.0,29.3
11:38:40,0.0,29.3
11:38:41,0.0,29.3
11:38:41,0.0,29.3
11:38:42,0.0,29.3
11:38:42,1.9,29.3
11:38:43,0.0,29.3
11:38:43,0.0,29.3
11:38:44,0.0,29.3
11:38:44,0.0,29.3
11:38:45,0.0,29.3
11:38:45,0.0,29.3
11:38:46,2.0,29.3
11:38:46,0.0,29.3
11:38:47,0.0,29.3
11:38:47,0.0,29.3
11:38:48,0.0,29.3
11:38:48,0.0,29.3
11:38:49,0.0,29.3
11:38:49,0.0,29.3
11:38:50,0.0,29.3
11:38:50,0.0,29.3
11:38:51,0.0,29.3
11:38:51,1.9,29.3
11:38:52,0.0,29.3
11:38:52,0.0,29.3
11:38:53,0.0,29.3
11:38:53,0.0,29.3
11:38:54,0.0,29.3
11:38:54,0.0,29.3
11:38:55,0.0,29.3
11:38:55,0.0,29.3
11:38:56,0.0,29.3
11:38:57,0.0,29.3
11:38:57,0.0,29.3
11:38:58,1.9,29.3
11:38:58,0.0,29.3
11:38:59,0.0,29.3
11:38:59,0.0,29.3
11:39:00,0.0,29.3
11:39:00,0.0,29.3
11:39:01,0.0,29.3
11:39:01,2.0,29.3
11:39:02,0.0,29.3
11:39:02,0.0,29.3
11:39:03,0.0,29.3
11:39:03,0.0,29.3
11:39:04,2.0,29.3
11:39:04,0.0,29.3
11:39:05,0.0,29.3
11:39:05,0.0,29.3
11:39:06,0.0,29.3
11:39:06,0.0,29.3
11:39:07,2.0,29.3
11:39:07,0.0,29.3
11:39:08,0.0,29.3
11:39:08,0.0,29.3
11:39:09,0.0,29.3
11:39:09,0.0,29.3
11:39:10,0.0,29.3
11:39:10,2.0,29.3
11:39:11,0.0,29.3
11:39:11,0.0,29.3
11:39:12,0.0,29.3
11:39:12,0.0,29.3
11:39:13,0.0,29.3
11:39:13,0.0,29.3
11:39:14,0.0,29.3
11:39:14,0.0,29.3
11:39:15,0.0,29.3
11:39:16,0.0,29.3
11:39:16,0.0,29.3
11:39:17,2.0,29.3
11:39:17,0.0,29.3
11:39:18,0.0,29.3
11:39:18,0.0,29.3
11:39:19,0.0,29.3
11:39:19,1.9,29.3
11:39:20,0.0,29.3
11:39:20,0.0,29.3
11:39:21,0.0,29.3
11:39:21,0.0,29.3
11:39:22,0.0,29.3
11:39:22,0.0,29.3
11:39:23,2.0,29.3
11:39:23,0.0,29.3
11:39:24,0.0,29.3
11:39:24,0.0,29.3
11:39:25,0.0,29.3
11:39:25,0.0,29.3
11:39:26,0.0,29.3
11:39:26,0.0,29.3
11:39:27,2.0,29.3
11:39:27,0.0,29.3
11:39:28,0.0,29.3
11:39:28,0.0,29.3
11:39:29,0.0,29.3
11:39:29,0.0,29.3
11:39:30,0.0,29.3
11:39:31,0.0,29.3
11:39:31,0.0,29.3
11:39:32,1.9,29.3
11:39:32,0.0,29.3
11:39:33,0.0,29.3
11:39:33,0.0,29.3
11:39:34,0.0,29.3
11:39:34,2.0,29.3
11:39:35,0.0,29.3
11:39:35,2.0,29.3
11:39:36,1.9,29.3
11:39:36,0.0,29.3
11:39:37,0.0,29.3
11:39:37,0.0,29.3
11:39:38,0.0,29.3
11:39:38,0.0,29.3
11:39:39,0.0,29.3
11:39:39,0.0,29.3
11:39:40,0.0,29.3
11:39:40,0.0,29.3
11:39:41,0.0,29.3
11:39:41,0.0,29.3
11:39:42,1.9,29.3
11:39:42,0.0,29.3
11:39:43,0.0,29.3
11:39:43,0.0,29.3
11:39:44,0.0,29.3
11:39:44,0.0,29.3
11:39:45,0.0,29.3
11:39:45,0.0,29.3
11:39:46,0.0,29.3
11:39:46,0.0,29.3
11:39:47,0.0,29.3
11:39:47,2.0,29.3
11:39:48,0.0,29.3
11:39:49,0.0,29.3
11:39:49,0.0,29.3
11:39:50,0.0,29.3
11:39:50,0.0,29.3
11:39:51,0.0,29.3
11:39:51,0.0,29.3
11:39:52,0.0,29.3
11:39:52,0.0,29.3
11:39:53,0.0,29.3
11:39:53,1.9,29.3
11:39:54,0.0,29.3
11:39:54,0.0,29.3
11:39:55,0.0,29.3
11:39:55,0.0,29.3
11:39:56,0.0,29.3
11:39:56,0.0,29.3
11:39:57,2.0,29.3
11:39:57,0.0,29.3
11:39:58,0.0,29.3
11:39:58,0.0,29.3
11:39:59,0.0,29.3
11:39:59,0.0,29.3
11:40:00,0.0,29.3
11:40:00,0.0,29.3
11:40:01,0.0,29.3
11:40:01,0.0,29.3
11:40:02,0.0,29.3
11:40:02,1.9,29.3
11:40:03,0.0,29.3
11:40:03,0.0,29.3
11:40:04,0.0,29.3
11:40:05,0.0,29.3
11:40:05,0.0,29.3
11:40:06,1.9,29.3
11:40:06,0.0,29.3
11:40:07,0.0,29.3
11:40:07,0.0,29.3
11:40:08,0.0,29.3
11:40:08,0.0,29.3
11:40:09,2.0,29.3
11:40:09,0.0,29.3
11:40:10,0.0,29.3
11:40:10,0.0,29.3
11:40:11,0.0,29.3
11:40:11,0.0,29.3
11:40:12,0.0,29.3
11:40:12,0.0,29.3
11:40:13,0.0,29.3
11:40:13,0.0,29.3
11:40:14,0.0,29.3
11:40:14,0.0,29.3
11:40:15,2.0,29.3
11:40:15,0.0,29.3
11:40:16,0.0,29.3
11:40:16,0.0,29.3
11:40:17,0.0,29.3
11:40:17,0.0,29.3
11:40:18,0.0,29.3
11:40:18,0.0,29.3
11:40:19,0.0,29.3
11:40:19,0.0,29.3
11:40:20,0.0,29.3
11:40:20,1.9,29.3
11:40:21,0.0,29.3
11:40:21,0.0,29.3
11:40:22,0.0,29.3
11:40:23,0.0,29.3
11:40:23,0.0,29.3
11:40:24,2.0,29.3
11:40:24,0.0,29.3
11:40:25,0.0,29.3
11:40:25,0.0,29.3
11:40:26,0.0,29.3
11:40:26,0.0,29.3
11:40:27,0.0,29.3
11:40:27,2.0,29.3
11:40:28,0.0,29.3
11:40:28,0.0,29.3
11:40:29,0.0,29.3
11:40:29,0.0,29.3
11:40:30,0.0,29.3
11:40:30,1.9,29.3
11:40:31,0.0,29.3
11:40:31,0.0,29.3
11:40:32,0.0,29.3
11:40:32,0.0,29.3
11:40:33,0.0,29.3
11:40:33,0.0,29.3
11:40:34,0.0,29.3
11:40:34,0.0,29.3
11:40:35,0.0,29.3
11:40:35,0.0,29.3
11:40:36,1.9,29.3
11:40:36,0.0,29.3
11:40:37,0.0,29.3
11:40:37,0.0,29.3
11:40:38,0.0,29.3
11:40:38,0.0,29.3
11:40:39,1.9,29.3
11:40:40,0.0,29.3
11:40:40,0.0,29.3
11:40:41,0.0,29.3
11:40:41,0.0,29.3
11:40:42,0.0,29.3
11:40:42,0.0,29.3
11:40:43,2.0,29.3
11:40:43,0.0,29.3
11:40:44,0.0,29.3
11:40:44,0.0,29.3
11:40:45,0.0,29.3
11:40:45,0.0,29.3
11:40:46,0.0,29.3
11:40:46,0.0,29.3
11:40:47,0.0,29.3
11:40:47,0.0,29.3
11:40:48,0.0,29.3
11:40:48,0.0,29.3
11:40:49,2.0,29.3
11:40:49,0.0,29.3
11:40:50,0.0,29.3
11:40:50,0.0,29.3
11:40:51,0.0,29.3
11:40:51,0.0,29.3
11:40:52,0.0,29.3
11:40:52,0.0,29.3
11:40:53,0.0,29.3
11:40:53,0.0,29.3
11:40:54,0.0,29.3
11:40:54,1.9,29.3
11:40:55,0.0,29.3
11:40:55,0.0,29.3
11:40:56,0.0,29.3
11:40:57,0.0,29.3
11:40:57,0.0,29.3
11:40:58,1.9,29.3
11:40:58,2.0,29.3
11:40:59,0.0,29.3
11:40:59,0.0,29.3
11:41:00,0.0,29.3
11:41:00,0.0,29.3
11:41:01,0.0,29.3
11:41:01,0.0,29.3
11:41:02,0.0,29.3
11:41:02,0.0,29.3
11:41:03,0.0,29.3
11:41:03,0.0,29.3
11:41:04,1.9,29.3
11:41:04,0.0,29.3
11:41:05,0.0,29.3
11:41:05,0.0,29.3
11:41:06,0.0,29.3
11:41:06,0.0,29.3
11:41:07,0.0,29.3
11:41:07,2.0,29.3
11:41:08,0.0,29.3
11:41:08,0.0,29.3
11:41:09,0.0,29.3
11:41:09,0.0,29.3
11:41:10,0.0,29.3
11:41:10,0.0,29.3
11:41:11,0.0,29.3
11:41:11,0.0,29.3
11:41:12,0.0,29.3
11:41:12,0.0,29.3
11:41:13,1.9,29.3
11:41:13,0.0,29.3
11:41:14,0.0,29.3
11:41:15,0.0,29.3
11:41:15,0.0,29.3
11:41:16,0.0,29.3
11:41:16,2.0,29.3
11:41:17,0.0,29.3
11:41:17,0.0,29.3
11:41:18,0.0,29.3
11:41:18,0.0,29.3
11:41:19,0.0,29.3
11:41:19,0.0,29.3
11:41:20,2.0,29.3
11:41:20,0.0,29.3
11:41:21,0.0,29.3
11:41:21,0.0,29.3
11:41:22,0.0,29.3
11:41:22,0.0,29.3
11:41:23,0.0,29.3
11:41:23,0.0,29.3
11:41:24,0.0,29.3
11:41:24,0.0,29.3
11:41:25,0.0,29.3
11:41:25,3.8,29.3
11:41:26,2.0,29.3
11:41:26,0.0,29.3
11:41:27,0.0,29.3
11:41:27,0.0,29.3
11:41:28,0.0,29.3
11:41:28,0.0,29.3
11:41:29,0.0,29.3
11:41:29,0.0,29.3
11:41:30,0.0,29.3
11:41:30,0.0,29.3
11:41:31,0.0,29.3
11:41:31,1.9,29.3
11:41:32,0.0,29.3
11:41:32,0.0,29.3
11:41:33,0.0,29.3
11:41:33,0.0,29.3
11:41:34,0.0,29.3
11:41:35,0.0,29.3
11:41:35,2.0,29.3
11:41:36,0.0,29.3
11:41:36,0.0,29.3
11:41:37,0.0,29.3
11:41:37,0.0,29.3
11:41:38,1.9,29.3
11:41:38,2.0,29.3
11:41:39,5.9,29.3
11:41:39,3.9,29.3
11:41:40,0.0,29.3
11:41:40,0.0,29.3
11:41:41,0.0,29.3
11:41:41,0.0,29.3
11:41:42,0.0,29.3
11:41:42,5.9,29.3
11:41:43,0.0,29.3
11:41:43,0.0,29.3
11:41:44,0.0,29.3
11:41:44,0.0,29.3
11:41:45,0.0,29.3
11:41:45,0.0,29.3
11:41:46,0.0,29.3
11:41:46,0.0,29.3
11:41:47,2.0,29.3
11:41:47,0.0,29.3
11:41:48,0.0,29.3
11:41:48,0.0,29.3
11:41:49,0.0,29.3
11:41:49,0.0,29.3
11:41:50,0.0,29.3
11:41:50,2.0,29.3
11:41:51,0.0,29.3
11:41:51,0.0,29.3
11:41:52,0.0,29.3
11:41:52,0.0,29.3
11:41:53,0.0,29.3
11:41:53,0.0,29.3
11:41:54,0.0,29.3
11:41:54,0.0,29.3
11:41:55,0.0,29.3
11:41:56,0.0,29.3
11:41:56,1.9,29.3
11:41:57,0.0,29.3
11:41:57,0.0,29.3
11:41:58,0.0,29.3
11:41:58,0.0,29.3
11:41:59,0.0,29.3
11:41:59,0.0,29.3
11:42:00,0.0,29.3
11:42:00,0.0,29.3
11:42:01,0.0,29.3
11:42:01,0.0,29.3
11:42:02,1.9,29.3
11:42:02,2.0,29.3
11:42:03,0.0,29.3
11:42:03,0.0,29.3
11:42:04,0.0,29.3
11:42:04,0.0,29.3
11:42:05,0.0,29.3
11:42:05,0.0,29.3
11:42:06,0.0,29.3
11:42:06,0.0,29.3
11:42:07,0.0,29.3
11:42:07,0.0,29.3
11:42:08,1.9,29.3
11:42:08,0.0,29.3
11:42:09,0.0,29.3
11:42:09,0.0,29.3
11:42:10,0.0,29.3
11:42:10,0.0,29.3
11:42:11,0.0,29.3
11:42:11,0.0,29.3
11:42:12,9.8,29.3
11:42:12,64.7,29.3
11:42:13,0.0,29.3
11:42:14,0.0,29.3
11:42:14,2.0,29.3
11:42:15,0.0,29.3
11:42:15,0.0,29.3
11:42:16,0.0,29.3
11:42:16,0.0,29.3
11:42:17,0.0,29.3
11:42:17,0.0,29.3
11:42:18,2.0,29.3
11:42:18,0.0,29.3
11:42:19,0.0,29.3
11:42:19,0.0,29.3
11:42:20,0.0,29.3
11:42:20,0.0,29.3
11:42:21,0.0,29.3
11:42:21,0.0,29.3
11:42:22,0.0,29.3
11:42:22,0.0,29.3
11:42:23,0.0,29.3
11:42:23,0.0,29.3
11:42:24,2.0,29.3
11:42:24,0.0,29.3
11:42:25,0.0,29.3
11:42:25,0.0,29.3
11:42:26,0.0,29.3
11:42:26,0.0,29.3
11:42:27,0.0,29.3
11:42:27,0.0,29.3
11:42:28,0.0,29.3
11:42:28,0.0,29.3
11:42:29,0.0,29.3
11:42:29,1.9,29.3
11:42:30,0.0,29.3
11:42:30,0.0,29.3
11:42:31,0.0,29.3
11:42:32,0.0,29.3
11:42:32,0.0,29.3
11:42:33,2.0,29.3
11:42:33,2.0,29.3
11:42:34,0.0,29.3
11:42:34,0.0,29.3
11:42:35,0.0,29.3
11:42:35,0.0,29.3
11:42:36,0.0,29.3
11:42:36,0.0,29.3
11:42:37,0.0,29.3
11:42:37,0.0,29.3
11:42:38,0.0,29.3
11:42:38,0.0,29.3
11:42:39,2.0,29.3
11:42:39,0.0,29.3
11:42:40,0.0,29.3
11:42:40,0.0,29.3
11:42:41,0.0,29.3
11:42:41,0.0,29.3
11:42:42,0.0,29.3
11:42:42,2.0,29.3
11:42:43,0.0,29.3
11:42:43,0.0,29.3
11:42:44,0.0,29.3
11:42:44,0.0,29.3
11:42:45,0.0,29.3
11:42:45,0.0,29.3
11:42:46,0.0,29.3
11:42:46,0.0,29.3
11:42:47,0.0,29.3
11:42:47,0.0,29.3
11:42:48,2.0,29.3
11:42:48,0.0,29.3
11:42:49,0.0,29.3
11:42:50,0.0,29.3
11:42:50,0.0,29.3
11:42:51,0.0,29.3
11:42:51,0.0,29.3
11:42:52,2.0,29.3
11:42:52,0.0,29.3
11:42:53,0.0,29.3
11:42:53,0.0,29.3
11:42:54,0.0,29.3
11:42:54,0.0,29.3
11:42:55,0.0,29.3
11:42:55,0.0,29.3
11:42:56,0.0,29.3
11:42:56,0.0,29.3
11:42:57,0.0,29.3
11:42:57,0.0,29.3
11:42:58,2.0,29.3
11:42:58,0.0,29.3
11:42:59,0.0,29.3
11:42:59,0.0,29.3
11:43:00,0.0,29.3
11:43:00,0.0,29.3
11:43:01,0.0,29.3
11:43:01,0.0,29.3
11:43:02,0.0,29.3
11:43:02,0.0,29.3
11:43:03,0.0,29.3
11:43:03,1.9,29.3
11:43:04,0.0,29.3
11:43:04,0.0,29.3
11:43:05,0.0,29.3
11:43:05,0.0,29.3
11:43:06,0.0,29.3
11:43:06,1.9,29.3
11:43:07,0.0,29.3
11:43:08,0.0,29.3
11:43:08,0.0,29.3
11:43:09,0.0,29.3
11:43:09,0.0,29.3
11:43:10,0.0,29.3
11:43:10,0.0,29.3
11:43:11,0.0,29.3
11:43:11,0.0,29.3
11:43:12,0.0,29.3
11:43:12,0.0,29.3
11:43:13,1.9,29.3
11:43:13,0.0,29.3
11:43:14,0.0,29.3
11:43:14,0.0,29.3
11:43:15,0.0,29.3
11:43:15,0.0,29.3
11:43:16,0.0,29.3
11:43:16,2.0,29.3
11:43:17,0.0,29.3
11:43:17,0.0,29.3
11:43:18,0.0,29.3
11:43:18,0.0,29.3
11:43:19,0.0,29.3
11:43:19,2.0,29.3
11:43:20,0.0,29.3
11:43:20,0.0,29.3
11:43:21,0.0,29.3
11:43:21,0.0,29.3
11:43:22,0.0,29.3
11:43:22,0.0,29.3
11:43:23,0.0,29.3
11:43:23,0.0,29.3
11:43:24,0.0,29.3
11:43:24,0.0,29.3
11:43:25,2.0,29.3
11:43:25,0.0,29.3
11:43:26,0.0,29.3
11:43:26,0.0,29.3
11:43:27,0.0,29.3
11:43:28,0.0,29.3
11:43:28,0.0,29.3
11:43:29,2.0,29.3
11:43:29,0.0,29.3
11:43:30,0.0,29.3
11:43:30,0.0,29.3
11:43:31,0.0,29.3
11:43:31,0.0,29.3
11:43:32,0.0,29.3
11:43:32,0.0,29.3
11:43:33,0.0,29.3
11:43:33,0.0,29.3
11:43:34,0.0,29.3
11:43:34,0.0,29.3
11:43:35,2.0,29.3
11:43:35,0.0,29.3
11:43:36,0.0,29.3
11:43:36,0.0,29.3
11:43:37,0.0,29.3
11:43:37,0.0,29.3
11:43:38,0.0,29.3
11:43:38,0.0,29.3
11:43:39,0.0,29.3
11:43:39,0.0,29.3
11:43:40,0.0,29.3
11:43:40,1.9,29.3
11:43:41,0.0,29.3
11:43:41,0.0,29.3
11:43:42,0.0,29.3
11:43:42,0.0,29.3
11:43:43,0.0,29.3
11:43:43,0.0,29.3
11:43:44,0.0,29.3
11:43:44,1.9,29.3
11:43:45,0.0,29.3
11:43:46,0.0,29.3
11:43:46,0.0,29.3
11:43:47,0.0,29.3
11:43:47,0.0,29.3
11:43:48,0.0,29.3
11:43:48,0.0,29.3
11:43:49,0.0,29.3
11:43:49,2.0,29.3
11:43:50,0.0,29.3
11:43:50,0.0,29.3
11:43:51,0.0,29.3
11:43:51,0.0,29.3
11:43:52,0.0,29.3
11:43:52,0.0,29.3
11:43:53,0.0,29.3
11:43:53,0.0,29.3
11:43:54,0.0,29.3
11:43:54,0.0,29.3
11:43:55,0.0,29.3
11:43:55,1.9,29.3
11:43:56,0.0,29.3
11:43:56,0.0,29.3
11:43:57,0.0,29.3
11:43:57,0.0,29.3
11:43:58,0.0,29.3
11:43:58,1.9,29.3
11:43:59,0.0,29.3
11:43:59,0.0,29.3
11:44:00,0.0,29.3
11:44:00,0.0,29.3
11:44:01,0.0,29.3
11:44:01,1.9,29.3
11:44:02,0.0,29.3
11:44:03,0.0,29.3
11:44:03,0.0,29.3
11:44:04,0.0,29.3
11:44:04,0.0,29.3
11:44:05,0.0,29.3
11:44:05,2.0,29.3
11:44:06,0.0,29.3
11:44:06,0.0,29.3
11:44:07,0.0,29.3
11:44:07,0.0,29.3
11:44:08,0.0,29.3
11:44:08,0.0,29.3
11:44:09,0.0,29.3
11:44:09,0.0,29.3
11:44:10,0.0,29.3
11:44:10,0.0,29.3
11:44:11,1.9,29.3
11:44:11,0.0,29.3
11:44:12,0.0,29.3
11:44:12,0.0,29.3
11:44:13,0.0,29.3
11:44:13,0.0,29.3
11:44:14,1.9,29.3
11:44:14,0.0,29.3
11:44:15,0.0,29.3
11:44:15,0.0,29.3
11:44:16,0.0,29.3
11:44:16,0.0,29.3
11:44:17,0.0,29.3
11:44:17,0.0,29.3
11:44:18,0.0,29.3
11:44:18,0.0,29.3
11:44:19,0.0,29.3
11:44:20,0.0,29.3
11:44:20,0.0,29.3
11:44:21,2.0,29.3
11:44:21,0.0,29.3
11:44:22,0.0,29.3
11:44:22,0.0,29.3
11:44:23,1.9,29.3
11:44:23,0.0,29.3
11:44:24,0.0,29.3
11:44:24,0.0,29.3
11:44:25,2.0,29.3
11:44:25,0.0,29.3
11:44:26,0.0,29.3
11:44:26,0.0,29.3
11:44:27,0.0,29.3
11:44:27,0.0,29.3
11:44:28,0.0,29.3
11:44:28,0.0,29.3
11:44:29,0.0,29.3
11:44:29,0.0,29.3
11:44:30,2.0,29.3
11:44:30,0.0,29.3
11:44:31,0.0,29.3
11:44:31,0.0,29.3
11:44:32,84.3,29.3
11:44:32,152.9,29.3
11:44:33,162.7,29.3
11:44:33,164.7,29.3
11:44:34,141.2,29.3
11:44:34,162.7,29.3
11:44:35,158.8,29.3
11:44:35,152.9,29.3
11:44:36,146.0,29.3
11:44:36,151.0,29.3
11:44:37,123.5,29.3
11:44:37,98.0,29.3
11:44:38,122.0,29.3
11:44:38,137.3,29.3
11:44:39,131.4,29.3
11:44:39,160.8,29.3
11:44:40,158.8,29.3
11:44:40,141.2,29.3
11:44:41,164.7,29.3
11:44:41,162.7,29.3
11:44:42,162.7,29.3
11:44:42,158.0,29.3
11:44:43,129.4,29.3
11:44:43,98.0,29.3
11:44:44,100.0,29.3
11:44:45,98.0,29.3
11:44:45,100.0,29.3
11:44:46,102.0,29.3
11:44:46,98.0,29.3
11:44:47,100.0,29.3
11:44:47,100.0,29.3
11:44:48,102.0,29.3
11:44:48,9.8,29.3
11:44:49,0.0,29.3
11:44:49,2.0,29.3
11:44:50,1.9,29.3
11:44:50,0.0,29.3
11:44:51,0.0,29.3
11:44:51,0.0,29.3
11:44:52,0.0,29.3
11:44:52,0.0,29.3
11:44:53,0.0,29.3
11:44:53,0.0,29.3
11:44:54,2.0,29.3
11:44:54,0.0,29.3
11:44:55,0.0,29.3
11:44:55,0.0,29.3
11:44:56,0.0,29.3
11:44:56,0.0,29.3
11:44:57,0.0,29.3
11:44:57,2.0,29.3
11:44:58,0.0,29.3
11:44:58,0.0,29.3
11:44:59,0.0,29.3
11:44:59,0.0,29.3
11:45:00,0.0,29.3
11:45:00,0.0,29.3
11:45:01,5.9,29.3
11:45:01,0.0,29.3
11:45:02,0.0,29.3
11:45:02,0.0,29.3
11:45:03,2.0,29.3
11:45:03,0.0,29.3
11:45:04,13.2,29.3
11:45:05,0.0,29.3
11:45:05,0.0,29.3
11:45:06,0.0,29.3
11:45:06,0.0,29.3
11:45:07,6.0,29.3
11:45:07,0.0,29.3
11:45:08,0.0,29.3
11:45:08,0.0,29.3
11:45:09,0.0,29.3
11:45:09,0.0,29.3
11:45:10,2.0,29.3
11:45:10,0.0,29.3
11:45:11,0.0,29.3
11:45:11,0.0,29.3
11:45:12,0.0,29.3
11:45:12,0.0,29.3
11:45:13,0.0,29.3
11:45:13,0.0,29.3
11:45:14,0.0,29.3
11:45:14,0.0,29.3
11:45:15,0.0,29.3
11:45:15,0.0,29.3
11:45:16,2.0,29.3
11:45:16,0.0,29.3
11:45:17,0.0,29.3
11:45:17,0.0,29.3
11:45:18,0.0,29.3
11:45:18,1.9,29.3
11:45:19,0.0,29.3
11:45:19,0.0,29.3
11:45:20,0.0,29.3
11:45:20,0.0,29.3
11:45:21,0.0,29.3
11:45:21,0.0,29.3
11:45:22,0.0,29.3
11:45:23,0.0,29.3
11:45:23,2.0,29.3
11:45:24,0.0,29.3
11:45:24,0.0,29.3
11:45:25,0.0,29.3
11:45:25,0.0,29.3
11:45:26,0.0,29.3
11:45:26,0.0,29.3
11:45:27,0.0,29.3
11:45:27,0.0,29.3
11:45:28,0.0,29.3
11:45:28,2.0,29.3
11:45:29,0.0,29.3
11:45:29,0.0,29.3
11:45:30,0.0,29.3
11:45:30,0.0,29.3
11:45:31,0.0,29.3
11:45:31,0.0,29.3
11:45:32,0.0,29.3
11:45:32,0.0,29.3
11:45:33,0.0,29.3
11:45:33,0.0,29.3
11:45:34,2.0,29.3
11:45:34,0.0,29.3
11:45:35,0.0,29.3
11:45:35,0.0,29.3
11:45:36,0.0,29.3
11:45:36,0.0,29.3
11:45:37,0.0,29.3
11:45:37,0.0,29.3
11:45:38,0.0,29.3
11:45:38,0.0,29.3
11:45:39,0.0,29.3
11:45:39,1.9,29.3
11:45:40,0.0,29.3
11:45:41,0.0,29.3
11:45:41,0.0,29.3
11:45:42,0.0,29.3
11:45:42,0.0,29.3
11:45:43,1.9,29.3
11:45:43,0.0,29.3
11:45:44,0.0,29.3
11:45:44,0.0,29.3
11:45:45,0.0,29.3
11:45:45,0.0,29.3
11:45:46,0.0,29.3
11:45:46,0.0,29.3
11:45:47,0.0,29.3
11:45:47,0.0,29.3
11:45:48,0.0,29.3
11:45:48,0.0,29.3
11:45:49,1.9,29.3
11:45:49,2.0,29.3
11:45:50,0.0,29.3
11:45:50,0.0,29.3
11:45:51,0.0,29.3
11:45:51,0.0,29.3
11:45:52,0.0,29.3
11:45:52,0.0,29.3
11:45:53,0.0,29.3
11:45:53,0.0,29.3
11:45:54,0.0,29.3
11:45:54,0.0,29.3
11:45:55,1.9,29.3
11:45:55,0.0,29.3
11:45:56,0.0,29.3
11:45:56,0.0,29.3
11:45:57,0.0,29.3
11:45:58,0.0,29.3
11:45:58,0.0,29.3
11:45:59,2.0,29.3
11:45:59,0.0,29.3
11:46:00,0.0,29.3
11:46:00,0.0,29.3
11:46:01,0.0,29.3
11:46:01,0.0,29.3
11:46:02,0.0,29.3
11:46:02,0.0,29.3
11:46:03,0.0,29.3
11:46:03,0.0,29.3
11:46:04,0.0,29.3
11:46:04,1.9,29.3
11:46:05,0.0,29.3
11:46:05,0.0,29.3
11:46:06,0.0,29.3
11:46:06,0.0,29.3
11:46:07,0.0,29.3
11:46:07,0.0,29.3
11:46:08,1.9,29.3
11:46:08,0.0,29.3
11:46:09,0.0,29.3
11:46:09,0.0,29.3
11:46:10,0.0,29.3
11:46:10,0.0,29.3
11:46:11,0.0,29.3
11:46:11,0.0,29.3
11:46:12,0.0,29.3
11:46:12,0.0,29.3
11:46:13,0.0,29.3
11:46:13,1.9,29.3
11:46:14,0.0,29.3
11:46:14,0.0,29.3
11:46:15,0.0,29.3
11:46:15,0.0,29.3
11:46:16,0.0,29.3
11:46:17,0.0,29.3
11:46:17,2.0,29.3
11:46:18,0.0,29.3
11:46:18,0.0,29.3
11:46:19,0.0,29.3
11:46:19,0.0,29.3
11:46:20,1.9,29.3
11:46:20,0.0,29.3
11:46:21,0.0,29.3
11:46:21,0.0,29.3
11:46:22,1.9,29.3
11:46:22,2.0,29.3
11:46:23,0.0,29.3
11:46:23,2.0,29.3
11:46:24,0.0,29.3
11:46:24,0.0,29.3
11:46:25,0.0,29.3
11:46:25,0.0,29.3
11:46:26,0.0,29.3
11:46:26,2.0,29.3
11:46:27,0.0,29.3
11:46:27,0.0,29.3
11:46:28,0.0,29.3
11:46:28,0.0,29.3
11:46:29,0.0,29.3
11:46:29,0.0,29.3
11:46:30,0.0,29.3
11:46:30,0.0,29.3
11:46:31,0.0,29.3
11:46:31,0.0,29.3
11:46:32,2.0,29.3
11:46:32,0.0,29.3
11:46:33,0.0,29.3
11:46:33,0.0,29.3
11:46:34,0.0,29.3
11:46:34,0.0,29.3
11:46:35,0.0,29.3
11:46:35,0.0,29.3
11:46:36,0.0,29.3
11:46:36,2.0,29.3
11:46:37,0.0,29.3
11:46:37,0.0,29.3
11:46:38,0.0,29.3
11:46:38,0.0,29.3
11:46:39,0.0,29.3
11:46:39,0.0,29.3
11:46:40,0.0,29.3
11:46:41,82.4,29.3
11:46:41,147.1,29.3
11:46:42,143.1,29.3
11:46:42,151.0,29.3
11:46:43,149.0,29.3
11:46:43,125.5,29.3
11:46:44,152.9,29.3
11:46:44,162.7,29.3
11:46:45,147.1,29.3
11:46:45,136.0,29.3
11:46:46,123.5,29.3
11:46:46,98.0,29.3
11:46:47,100.0,29.3
11:46:47,115.7,29.3
11:46:48,123.5,29.3
11:46:48,151.0,29.3
11:46:49,145.1,29.3
11:46:49,107.8,29.3
11:46:50,100.0,29.3
11:46:50,96.1,29.3
11:46:51,96.1,29.3
11:46:51,98.0,29.3
11:46:52,100.0,29.3
11:46:52,100.0,29.3
11:46:53,98.0,29.3
11:46:53,100.0,29.3
11:46:54,96.1,29.3
11:46:54,5.9,29.3
11:46:55,0.0,29.3
11:46:55,0.0,29.3
11:46:56,0.0,29.3
11:46:56,0.0,29.3
11:46:57,2.0,29.3
11:46:57,0.0,29.3
11:46:58,0.0,29.3
11:46:58,0.0,29.3
11:46:59,0.0,29.3
11:46:59,0.0,29.3
11:47:00,0.0,29.3
11:47:00,0.0,29.3
11:47:01,0.0,29.3
11:47:01,0.0,29.3
11:47:02,0.0,29.3
11:47:02,4.0,29.3
11:47:03,0.0,29.3
11:47:03,0.0,29.3
11:47:04,0.0,29.3
11:47:04,0.0,29.3
11:47:05,0.0,29.3
11:47:06,1.9,29.3
11:47:06,2.0,29.3
11:47:07,3.9,29.3
11:47:07,0.0,29.3
11:47:08,0.0,29.3
11:47:08,0.0,29.3
11:47:09,0.0,29.3
11:47:09,0.0,29.3
11:47:10,2.0,29.3
11:47:10,1.9,29.3
11:47:11,2.0,29.3
11:47:11,8.0,29.3
11:47:12,2.0,29.3
11:47:12,0.0,29.3
11:47:13,0.0,29.3
11:47:13,0.0,29.3
11:47:14,0.0,29.3
11:47:14,0.0,29.3
11:47:15,0.0,29.3
11:47:15,2.0,29.3
11:47:16,0.0,29.3
11:47:16,0.0,29.3
11:47:17,0.0,29.3
11:47:17,125.5,29.3
11:47:18,117.3,29.3
11:47:18,151.0,29.3
11:47:19,152.0,29.3
11:47:19,139.2,29.3
11:47:20,127.5,29.3
11:47:20,139.2,29.3
11:47:21,152.9,29.3
11:47:21,145.1,29.3
11:47:22,135.3,29.3
11:47:22,109.8,29.3
11:47:23,96.1,29.3
11:47:23,112.0,29.3
11:47:24,131.4,29.3
11:47:24,113.7,29.3
11:47:25,129.4,29.3
11:47:25,137.3,29.3
11:47:26,125.5,29.3
11:47:26,131.4,29.3
11:47:27,141.2,29.3
11:47:27,147.1,29.3
11:47:28,144.0,29.3
11:47:28,141.2,29.3
11:47:29,113.7,29.3
11:47:29,102.0,29.3
11:47:30,109.8,29.3
11:47:30,139.2,29.3
11:47:31,125.5,29.3
11:47:31,152.9,29.3
11:47:32,142.0,29.3
11:47:33,150.0,29.3
11:47:33,172.5,29.3
11:47:34,154.9,29.3
11:47:34,170.0,29.3
11:47:35,149.0,29.3
11:47:35,98.0,29.3
11:47:36,100.0,29.3
11:47:36,142.0,29.3
11:47:37,127.5,29.3
11:47:37,158.8,29.3
11:47:38,166.7,29.3
11:47:38,137.3,29.3
11:47:39,164.7,29.3
11:47:39,154.9,29.3
11:47:40,160.8,29.3
11:47:40,158.8,29.3
11:47:41,154.0,29.3
11:47:41,102.0,29.3
11:47:42,98.0,29.3
11:47:42,140.0,29.3
11:47:43,137.3,29.3
11:47:43,151.0,29.3
11:47:44,162.7,29.3
11:47:44,147.1,29.3
11:47:45,144.0,29.3
11:47:45,170.6,29.3
11:47:46,170.6,29.3
11:47:46,160.8,29.3
11:47:47,160.8,29.3
11:47:47,100.0,29.3
11:47:48,98.0,29.3
11:47:48,140.0,29.3
11:47:49,151.0,29.3
11:47:49,176.5,29.3
11:47:50,160.8,29.3
11:47:50,137.3,29.3
11:47:51,172.5,29.3
11:47:51,160.8,29.3
11:47:52,164.7,29.3
11:47:52,166.7,29.3
11:47:53,141.2,29.3
11:47:53,100.0,29.3
11:47:54,107.8,29.3
11:47:54,166.7,29.3
11:47:55,146.0,29.3
11:47:55,158.8,29.3
11:47:56,164.7,29.3
11:47:56,131.4,29.3
11:47:57,154.9,29.3
11:47:57,158.8,29.3
11:47:58,147.1,29.3
11:47:58,158.8,29.3
11:47:59,142.0,29.3
11:47:59,98.0,29.3
11:48:00,105.9,29.3
11:48:00,160.8,29.3
11:48:01,150.0,29.3
11:48:01,172.5,29.3
11:48:02,158.8,29.3
11:48:03,131.4,29.3
11:48:03,162.7,29.3
11:48:04,151.0,29.3
11:48:04,156.9,29.3
11:48:05,147.1,29.3
11:48:05,113.7,29.3
11:48:06,98.0,29.3
11:48:06,123.5,29.3
11:48:07,149.0,29.3
11:48:07,164.7,29.3
11:48:08,151.0,29.3
11:48:08,135.3,29.3
11:48:09,127.5,29.3
11:48:09,145.1,29.3
11:48:10,156.9,29.3
11:48:10,158.8,29.3
11:48:11,170.6,29.3
11:48:11,143.1,29.3
11:48:12,100.0,29.3
11:48:12,109.8,29.3
11:48:13,151.0,29.3
11:48:13,135.3,29.3
11:48:14,156.9,29.3
11:48:14,158.8,29.3
11:48:15,145.1,29.3
11:48:15,130.8,29.3
11:48:16,151.0,29.3
11:48:16,133.3,29.3
11:48:17,129.4,29.3
11:48:17,152.9,29.3
11:48:18,143.1,29.3
11:48:18,144.2,29.3
11:48:19,140.0,29.3
11:48:19,100.0,29.3
11:48:20,105.9,29.3
11:48:20,162.7,29.3
11:48:21,129.4,29.3
11:48:21,145.1,29.3
11:48:22,145.1,29.3
11:48:22,149.0,29.3
11:48:23,127.5,29.3
11:48:23,146.2,29.3
11:48:24,152.0,29.3
11:48:24,123.5,29.3
11:48:25,126.9,29.3
11:48:25,152.9,29.3
11:48:26,152.9,29.3
11:48:26,137.3,29.3
11:48:27,98.0,29.3
11:48:27,114.0,29.3
11:48:28,139.2,29.3
11:48:29,133.3,29.3
11:48:29,166.7,29.3
11:48:30,162.7,29.3
11:48:30,159.6,29.3
11:48:31,160.8,29.3
11:48:31,166.7,29.3
11:48:32,162.7,29.3
11:48:32,162.7,29.3
11:48:33,164.7,29.3
11:48:33,152.9,29.3
11:48:34,162.7,29.3
11:48:34,152.9,29.3
11:48:35,147.1,29.3
11:48:35,100.0,29.3
11:48:36,100.0,29.3
11:48:36,166.0,29.3
11:48:37,142.3,29.3
11:48:37,170.6,29.3
11:48:38,166.7,29.3
11:48:38,172.5,29.3
11:48:39,160.8,29.3
11:48:39,145.1,29.3
11:48:40,166.7,29.3
11:48:40,172.5,29.3
11:48:41,162.7,29.3
11:48:41,164.7,29.3
11:48:42,160.8,29.3
11:48:42,151.0,29.3
11:48:43,100.0,29.3
11:48:43,100.0,29.3
11:48:44,145.1,29.3
11:48:44,137.3,29.3
11:48:45,166.7,29.3
11:48:45,159.6,29.3
11:48:46,158.8,29.3
11:48:46,147.1,29.3
11:48:47,174.5,29.3
11:48:47,162.7,29.3
11:48:48,166.7,29.3
11:48:48,158.8,29.3
11:48:49,169.2,29.3
11:48:49,164.0,29.3
11:48:50,113.7,29.3
11:48:50,98.0,29.3
11:48:51,129.4,29.3
11:48:51,145.1,29.3
11:48:52,139.2,29.3
11:48:52,170.6,29.3
11:48:53,156.9,29.3
11:48:54,152.9,29.3
11:48:54,143.1,29.3
11:48:55,176.5,29.3
11:48:55,162.7,29.3
11:48:56,166.7,29.3
11:48:56,153.8,29.3
11:48:57,164.7,29.3
11:48:57,156.9,29.3
11:48:58,111.8,29.3
11:48:58,100.0,29.3
11:48:59,124.0,29.3
11:48:59,141.2,29.3
11:49:00,143.1,29.3
11:49:00,176.5,29.3
11:49:01,157.7,29.3
11:49:01,168.6,29.3
11:49:02,135.3,29.3
11:49:02,160.8,29.3
11:49:03,156.9,29.3
11:49:03,158.8,29.3
11:49:04,158.8,29.3
11:49:04,172.5,29.3
11:49:05,168.6,29.3
11:49:05,135.3,29.3
11:49:06,98.0,29.3
11:49:06,112.0,29.3
11:49:07,139.2,29.3
11:49:07,131.4,29.3
11:49:08,158.8,29.3
11:49:08,160.8,29.3
11:49:09,155.8,29.3
11:49:09,139.2,29.3
11:49:10,149.0,29.3
11:49:10,152.9,29.3
11:49:11,154.9,29.3
11:49:11,154.9,29.3
11:49:12,154.9,29.3
11:49:12,156.9,29.3
11:49:13,156.9,29.3
11:49:13,151.0,29.3
11:49:14,98.0,29.3
11:49:14,98.0,29.3
11:49:15,143.1,29.3
11:49:15,137.3,29.3
11:49:16,147.1,29.3
11:49:16,154.9,29.3
11:49:17,151.0,29.3
11:49:18,155.8,29.3
11:49:18,137.3,29.3
11:49:19,152.9,29.3
11:49:19,178.4,29.3
11:49:20,156.9,29.3
11:49:20,174.5,29.3
11:49:21,139.2,29.3
11:49:21,143.1,29.3
11:49:22,98.1,29.3
11:49:22,100.0,29.3
11:49:23,137.3,29.3
11:49:23,145.1,29.3
11:49:24,145.1,29.3
11:49:24,158.8,29.3
11:49:25,164.7,29.3
11:49:25,145.1,29.3
11:49:26,164.7,29.3
11:49:26,166.7,29.3
11:49:27,159.6,29.3
11:49:27,170.6,29.3
11:49:28,162.7,29.3
11:49:28,162.7,29.3
11:49:29,113.7,29.3
11:49:29,100.0,29.3
11:49:30,121.6,29.3
11:49:30,143.1,29.3
11:49:31,121.6,29.3
11:49:31,152.9,29.3
11:49:32,158.8,29.3
11:49:32,152.9,29.3
11:49:33,147.1,29.3
11:49:33,152.9,29.3
11:49:34,143.1,29.3
11:49:34,141.2,29.3
11:49:35,151.9,29.3
11:49:35,139.2,29.3
11:49:36,154.0,29.3
11:49:36,105.8,29.3
11:49:37,100.0,29.3
11:49:37,115.7,29.3
11:49:38,147.1,29.3
11:49:38,141.2,29.3
11:49:39,141.2,29.3
11:49:39,143.1,29.3
11:49:40,147.1,29.3
11:49:40,129.4,29.3
11:49:41,145.1,29.3
11:49:41,154.9,29.3
11:49:42,145.1,29.3
11:49:43,162.7,29.3
11:49:43,161.5,29.3
11:49:44,152.9,29.3
11:49:44,133.3,29.3
11:49:45,94.1,29.3
11:49:45,103.9,29.3
11:49:46,143.1,29.3
11:49:46,129.4,29.3
11:49:47,147.1,29.3
11:49:47,152.9,29.3
11:49:48,143.1,29.3
11:49:48,139.2,29.3
11:49:49,137.3,29.3
11:49:49,141.2,29.3
11:49:50,147.1,29.3
11:49:50,137.3,29.3
11:49:51,156.9,29.3
11:49:51,145.1,29.3
11:49:52,132.7,29.3
11:49:52,100.0,29.3
11:49:53,100.0,29.3
11:49:53,135.3,29.3
11:49:54,127.5,29.3
11:49:54,158.8,29.3
11:49:55,152.9,29.3
11:49:55,149.0,29.3
11:49:56,143.1,29.3
11:49:56,149.0,29.3
11:49:57,162.7,29.3
11:49:57,144.2,29.3
11:49:58,158.8,29.3
11:49:58,162.7,29.3
11:49:59,166.7,29.3
11:49:59,119.6,29.3
11:50:00,98.0,29.3
11:50:00,115.7,29.3
11:50:01,131.4,29.3
11:50:01,129.4,29.3
11:50:02,154.9,29.3
11:50:02,135.3,29.3
11:50:03,160.8,29.3
11:50:03,145.1,29.3
11:50:04,157.7,29.3
11:50:04,164.7,29.3
11:50:05,160.8,29.3
11:50:05,158.8,29.3
11:50:06,162.7,29.3
11:50:07,156.9,29.3
11:50:07,152.9,29.3
11:50:08,115.7,29.3
11:50:08,100.0,29.3
11:50:09,108.0,29.3
11:50:09,140.4,29.3
11:50:10,115.7,29.3
11:50:10,162.7,29.3
11:50:11,154.9,29.3
11:50:11,149.0,29.3
11:50:12,138.5,29.3
11:50:12,149.0,29.3
11:50:13,160.8,29.3
11:50:13,158.8,29.3
11:50:14,166.7,29.3
11:50:14,160.8,29.3
11:50:15,168.6,29.3
11:50:15,123.5,29.3
11:50:15,0.0,5.2
11:50:16,100.0,29.3
11:50:16,0.0,5.2
11:50:16,103.9,29.3
11:50:16,0.0,5.2
11:50:17,143.1,29.3
11:50:17,0.0,5.2
11:50:17,141.2,29.3
11:50:17,0.0,5.2
11:50:18,141.2,29.3
11:50:18,0.0,5.2
11:50:18,145.1,29.3
11:50:18,0.0,5.2
11:50:19,149.0,29.3
11:50:19,0.0,5.2
11:50:19,143.1,29.3
11:50:19,0.0,5.2
11:50:20,121.6,29.3
11:50:20,0.0,5.2
11:50:20,141.2,29.3
11:50:20,0.0,5.2
11:50:21,138.5,29.3
11:50:21,152.9,29.3
11:50:22,151.0,29.3
11:50:22,149.0,29.3
11:50:23,145.1,29.3
11:50:23,144.2,29.3
11:50:24,98.0,29.3
11:50:24,100.0,29.3
11:50:25,111.8,29.4
11:50:25,143.1,29.4
11:50:26,103.8,29.4
11:50:26,129.4,29.4
11:50:27,139.2,29.4
11:50:27,139.2,29.4
11:50:28,136.5,29.4
11:50:28,127.5,29.4
11:50:29,143.1,29.4
11:50:29,156.9,29.4
11:50:30,156.9,29.4
11:50:31,158.8,29.4
11:50:31,152.9,29.4
11:50:32,153.8,29.4
11:50:32,113.7,29.4
11:50:33,100.0,29.4
11:50:33,102.0,29.4
11:50:34,128.8,29.4
11:50:34,137.3,29.4
11:50:35,166.7,29.4
11:50:35,154.9,29.4
11:50:36,157.7,29.4
11:50:36,142.0,29.4
11:50:37,168.6,29.4
11:50:37,161.5,29.4
11:50:38,147.1,29.4
11:50:38,156.9,29.4
11:50:39,156.9,29.4
11:50:39,151.0,29.4
11:50:40,151.0,29.4
11:50:40,98.0,29.4
11:50:41,98.0,29.4
11:50:41,125.5,29.4
11:50:42,141.2,29.4
11:50:42,133.3,29.4
11:50:43,147.1,29.4
11:50:43,135.3,29.4
11:50:44,129.4,29.4
11:50:44,107.8,29.4
11:50:45,121.2,29.4
11:50:45,148.0,29.4
11:50:46,152.9,29.4
11:50:46,147.1,29.4
11:50:47,145.1,29.4
11:50:47,152.9,29.4
11:50:48,156.9,29.4
11:50:48,115.7,29.4
11:50:49,100.0,29.4
11:50:49,98.0,29.4
11:50:50,119.6,29.4
11:50:50,139.2,29.4
11:50:51,115.4,29.4
11:50:51,141.2,29.4
11:50:52,154.9,29.4
11:50:52,145.1,29.4
11:50:53,125.5,29.4
11:50:53,145.1,29.4
11:50:54,141.2,29.4
11:50:55,143.1,29.4
11:50:55,149.0,29.4
11:50:56,151.0,29.5
11:50:56,151.0,29.5
11:50:57,119.6,29.5
11:50:57,100.0,29.5
11:50:58,96.1,29.5
11:50:58,96.1,29.5
11:50:59,144.0,29.5
11:50:59,142.3,29.5
11:51:00,127.5,29.5
11:51:00,147.1,29.5
11:51:01,145.1,29.5
11:51:01,151.0,29.5
11:51:02,119.6,29.5
11:51:02,141.2,29.5
11:51:03,151.0,29.5
11:51:03,148.1,29.5
11:51:04,147.1,29.5
11:51:04,151.0,29.5
11:51:05,149.0,29.5
11:51:05,125.5,29.5
11:51:06,98.0,29.5
11:51:06,98.0,29.5
11:51:07,98.0,29.5
11:51:07,110.0,29.5
11:51:08,131.4,29.5
11:51:08,139.2,29.5
11:51:09,151.0,29.5
11:51:09,154.9,29.5
11:51:10,142.3,29.5
11:51:10,145.1,29.5
11:51:11,152.9,29.5
11:51:11,156.9,29.5
11:51:12,152.9,29.5
11:51:12,158.8,29.5
11:51:13,160.8,29.5
11:51:13,145.1,29.5
11:51:14,135.3,29.5
11:51:14,98.0,29.5
11:51:15,100.0,29.5
11:51:15,98.0,29.5
11:51:16,102.0,29.5
11:51:16,125.5,29.5
11:51:17,115.7,29.5
11:51:17,141.2,29.5
11:51:18,154.9,29.5
11:51:18,164.7,29.5
11:51:19,123.1,29.5
11:51:20,127.5,29.5
11:51:20,141.2,29.5
11:51:21,145.1,29.5
11:51:21,154.9,29.5
11:51:22,154.9,29.5
11:51:22,160.8,29.5
11:51:23,1524.0,avail
11:51:23,144.2,29.5
11:51:23,1524.0,avail
11:51:23,96.1,29.6
11:51:24,1524.0,avail
11:51:24,100.0,29.6
11:51:24,1524.0,avail
11:51:24,102.0,29.6
11:51:25,1524.0,avail
11:51:25,98.0,29.6
11:51:25,1524.0,avail
11:51:25,100.0,29.6
11:51:26,158.8,29.6
11:51:26,151.0,29.6
11:51:27,169.2,29.6
11:51:27,164.7,29.6
11:51:28,152.9,29.6
11:51:28,160.8,29.6
11:51:29,152.9,29.6
11:51:29,153.8,29.6
11:51:30,151.0,29.6
11:51:30,156.0,29.6
11:51:31,150.0,29.6
11:51:31,151.0,29.6
11:51:32,127.5,29.6
11:51:32,102.0,29.6
11:51:33,100.0,29.6
11:51:33,98.0,29.6
11:51:34,100.0,29.6
11:51:34,100.0,29.6
11:51:35,152.9,29.6
11:51:35,126.9,29.6
11:51:36,147.1,29.6
11:51:36,152.9,29.6
11:51:37,160.8,29.6
11:51:37,143.1,29.6
11:51:38,170.6,29.6
11:51:38,166.7,29.6
11:51:39,160.8,29.6
11:51:39,166.7,29.6
11:51:40,158.8,29.6
11:51:40,160.8,29.6
11:51:41,100.0,29.6
11:51:41,102.0,29.6
11:51:42,100.0,29.6
11:51:42,94.1,29.6
11:51:43,100.0,29.6
11:51:44,98.0,29.6
11:51:44,142.3,29.6
11:51:45,164.7,29.6
11:51:45,129.4,29.6
11:51:46,154.9,29.6
11:51:46,164.7,29.6
11:51:47,154.9,29.6
11:51:47,133.3,29.6
11:51:48,150.0,29.6
11:51:48,139.2,29.6
11:51:49,154.9,29.7
11:51:49,129.4,29.7
11:51:50,158.8,29.7
11:51:50,151.0,29.7
11:51:51,100.0,29.7
11:51:51,102.0,29.7
11:51:52,94.1,29.7
11:51:52,98.0,29.7
11:51:53,98.0,29.7
11:51:53,98.0,29.7
11:51:54,98.0,29.7
11:51:54,144.0,29.7
11:51:55,149.0,29.7
11:51:55,126.9,29.7
11:51:56,145.1,29.7
11:51:56,147.1,29.7
11:51:57,154.9,29.7
11:51:57,127.5,29.7
11:51:58,145.1,29.7
11:51:58,140.4,29.7
11:51:59,151.0,29.7
11:51:59,145.1,29.7
11:52:00,162.7,29.7
11:52:00,151.0,29.7
11:52:01,107.8,29.7
11:52:01,100.0,29.7
11:52:02,98.0,29.7
11:52:02,102.0,29.7
11:52:03,100.0,29.7
11:52:03,100.0,29.7
11:52:04,100.0,29.7
11:52:04,98.0,29.7
11:52:05,98.0,29.7
11:52:05,102.0,29.7
11:52:06,98.0,29.7
11:52:06,100.0,29.7
11:52:07,100.0,29.7
11:52:07,100.0,29.7
11:52:08,100.0,29.7
11:52:08,98.0,29.7
11:52:09,100.0,29.7
11:52:09,100.0,29.7
11:52:10,100.0,29.7
11:52:10,96.1,29.7
11:52:11,102.0,29.7
11:52:12,98.0,29.7
11:52:12,100.0,29.7
11:52:13,100.0,29.7
11:52:13,98.0,29.7
11:52:14,102.0,29.7
